"03cf964a-ed59-42df-8c35-07ec17c366e6","b85abefb-46ef-4bc5-aeda-d92c34b41875","be79092f-46a1-459e-9fec-ff14a3d19c5d","8ede6176-75b5-4398-a6da-c6fcbef4d115","newFile.jpg","eb18b7b3-486b-45a5-86d0-1e27ffff8e33","image/jpeg","53493","QmZoEkAJPu1ug1RvzFfEhoLCz77yWCjqfDdEJrfc2jufeW","1"
"062df1a5-66e4-47d8-9a8a-6e03f5c6dd21","b85abefb-46ef-4bc5-aeda-d92c34b41875","bd8fc36e-0564-4449-be5e-960210410f04","01231f65-0f7e-49c3-bcea-d3c0acb600dc","Whiteboard-undefined-bannerNarrow.png","e7d3a9d8-a182-4b3e-85c8-a221f9896a1f","image/png","31686","QmPR6oj2kK4UFXo7sEAD1gNzM2jsPxW2Lv3akikf15rzvC","1"
"06599b42-6292-49fc-b918-e5e6fc47ecff","b85abefb-46ef-4bc5-aeda-d92c34b41875","51f4d1f9-2199-4055-a3f3-6b4403d0a535","b16028fe-64bf-4dbc-aeb5-d578d7ab0d51","Whiteboard-undefined-bannerNarrow.png","a6be02fe-1244-4dc2-8c1a-c3f0393644be","image/png","14597","QmTXaBWjwbq7uSEwJXvY1Tofo5vby6GGXqqF6kkvmUAMh9","1"
"077f7c68-da26-41e6-bb10-7ec9f7714086","b85abefb-46ef-4bc5-aeda-d92c34b41875","4e559067-f4a5-4204-aee8-2e4063ac91a6","935596be-f877-44bb-87f2-58c8718e01d6","newFile.jpg","2d3cea41-fa91-4eae-8165-38a309e0ef78","image/jpeg","116820","QmZ46hAEbiYTq1DcS33efCeuWokrfVaw5DSKk9oxhmu47P","1"
"09412266-0f06-47e9-979b-de71cb50adf7","b85abefb-46ef-4bc5-aeda-d92c34b41875","d9d5deae-2611-4c10-b302-9a20220d918d","ca8c769b-a8a9-4356-b856-ecb0c13b39ba","newFile.jpg","cea8c1b0-d986-49fc-843e-2c1830cd69e0","image/jpeg","18109","QmWmWnRQrKUKbQpw9L78VfMxkgek6yapymew25256rctaF","1"
"0a068644-0332-462d-8998-8f1ebdb6b745","b85abefb-46ef-4bc5-aeda-d92c34b41875","b831fad6-c4a0-42f2-9a34-407530ba2dba","b16028fe-64bf-4dbc-aeb5-d578d7ab0d51","Whiteboard-whiteboard-dashboa-1807-bannerNarrow.png","8ca3e8a6-9777-4dfc-816c-e564444d1412","image/png","14597","QmTXaBWjwbq7uSEwJXvY1Tofo5vby6GGXqqF6kkvmUAMh9","1"
"0a4507d8-86e9-45ba-aed8-b32c3816049d","b85abefb-46ef-4bc5-aeda-d92c34b41875","cb45d349-3922-4187-b8a3-37836c8918b7","ca8c769b-a8a9-4356-b856-ecb0c13b39ba","newFile.jpg","630e5fd5-ea51-425f-8276-ee9d05a49b34","image/jpeg","38812","QmPT2THsH5tJtVv7iYyUQ9LdvppkZUJgYWXjGBKzgMkPJF","1"
"0a50427c-beb1-4da7-abba-7c3598da4f1c","b85abefb-46ef-4bc5-aeda-d92c34b41875","2dd55c5a-5270-4166-8168-ac46919d94bf","a1d9272f-54eb-4a20-9252-caad061b247b","newFile.jpg","65c01375-4121-48f1-b3bf-848d87bb8390","image/jpeg","27824","QmWCmEMHoPZJE4QUX8FmqWho7EhASfq5Vjnb4tA8vPNJNU","1"
"12e5f170-385d-40bb-9a17-a1bf68065823","b85abefb-46ef-4bc5-aeda-d92c34b41875","798ad3c4-cd0a-44bc-973c-c738dc690f8e","1034b5ca-d22b-4d7f-ae4a-59e45a38860f","Whiteboard-undefined-bannerNarrow.png","df70a406-7a14-4d45-acf7-31d7f238cd04","image/png","1506","Qmc7wHqoMnocXYNzxxosivZWNX2w5AC75bvLJt3xvzzBLN","1"
"15597b25-d32f-497c-8522-f92904c4a85d","b85abefb-46ef-4bc5-aeda-d92c34b41875","2b37cb76-e388-43a6-820a-5fb79a4927bf","4cfbef09-e911-4d51-8d05-deea44a91bae","public.png","6bd2d6e8-f682-416f-a626-c198a7df3272","image/png","5356","Qmcj5rjdFVQNoWNJY9ozKLs9THkYn7qEpELmgC8sbwfuEZ","0"
"1784dbf6-d9db-4c18-9829-91def53bac89","b85abefb-46ef-4bc5-aeda-d92c34b41875","29d3f8ab-e002-4699-8917-c2a31d43cae2","ca8c769b-a8a9-4356-b856-ecb0c13b39ba","newFile.jpg","8b367e6e-4cab-4ab2-8545-7f14c662c5ef","image/jpeg","15750","QmaiaisVs79JqJ4yCN14kwb5woQBAUnxd5Tq4b55TpnrxV","1"
"181983e3-c381-4801-89e7-2e3fdc661dc0","b85abefb-46ef-4bc5-aeda-d92c34b41875","c8fbbef0-bce5-47e2-b549-d21d7202023d","4cfbef09-e911-4d51-8d05-deea44a91bae","Whiteboard-whiteboard-118-bannerNarrow.png","3ceceb12-7e09-47fa-9a9d-bb07c2320bdf","image/png","12327","QmPxspdxZkkifWTjtQUamCbWe3NUPKQW2MZRi6AU5BPtHh","1"
"190ca8bc-65f2-40da-9229-f17b8404b421","b85abefb-46ef-4bc5-aeda-d92c34b41875","5a535f42-24ed-4d18-aad5-e9db54c4f1f4","8ede6176-75b5-4398-a6da-c6fcbef4d115","Whiteboard-laststate-whitebo-8405-bannerNarrow.png","2646b1b9-3382-4465-a100-b6c9a32b10e0","image/png","14597","QmTXaBWjwbq7uSEwJXvY1Tofo5vby6GGXqqF6kkvmUAMh9","1"
"22e6fab5-c3f0-450c-9702-309c91732284","b85abefb-46ef-4bc5-aeda-d92c34b41875","44818a22-ef7a-470f-96fe-8b730011f9e0","ca8c769b-a8a9-4356-b856-ecb0c13b39ba","public.png","b1d592e3-e592-49d6-9950-737a22be226b","image/png","5356","Qmcj5rjdFVQNoWNJY9ozKLs9THkYn7qEpELmgC8sbwfuEZ","0"
"23258743-ab16-4bcc-b211-a9482445f4c8","b85abefb-46ef-4bc5-aeda-d92c34b41875","ecb79e3f-829c-48f6-8878-3682186b56cd","b16028fe-64bf-4dbc-aeb5-d578d7ab0d51","newFile.jpg","1a5bb898-7f34-46bd-9cc3-c290b209f196","image/jpeg","338409","QmNerPffSqJHsNGCaRZHqdjC8YXgLQvUiLSHkdAmijtNQz","1"
"2be2c56c-7b94-43da-9afb-c007b7af41b3","b85abefb-46ef-4bc5-aeda-d92c34b41875","1dda0c84-d572-4f8b-ac2c-1ab682f5f45a","4cfbef09-e911-4d51-8d05-deea44a91bae","Whiteboard-whiteboard-118-banner.png","b22b5af5-7ee2-43e4-81f9-4f70c59b0c1c","image/png","12317","QmZt92dDBSRooz5kAwNm8VmiSAzemkrQDdGFNBHNjHALus","1"
"2f123fbc-6968-4e16-b9b6-e92383f50223","b85abefb-46ef-4bc5-aeda-d92c34b41875","c771217a-e189-447f-924f-a2d84aeb7288","ca8c769b-a8a9-4356-b856-ecb0c13b39ba","newFile.jpg","57af02db-3532-451b-907f-1f46d779ef98","image/jpeg","44926","QmUboaWwnyM2Lpz7VNwgL8PKaDixXGmihLm1kPmuS6jUwn","1"
"2f2050ed-7012-4aae-ba15-35574c9337fe","b85abefb-46ef-4bc5-aeda-d92c34b41875","7c87ccab-8627-428f-8b4e-b5111b4a06af","a1d9272f-54eb-4a20-9252-caad061b247b","newFile.jpg","0c41d762-2f82-4a8d-bb4f-2fc87f310d81","image/jpeg","45491","QmUWQzK8FWaLPEv8omkQBCtgU6NEYDNs2NFRDDMBLVBJ49","1"
"323e11b2-49b3-4267-86f0-8d82ace4e592","b85abefb-46ef-4bc5-aeda-d92c34b41875","c4621874-a420-47d7-bc50-8990f0b5b23a","ca8c769b-a8a9-4356-b856-ecb0c13b39ba","file-jpeg.jpeg","787fb571-63a4-4639-be3e-026e883aa4f5","image/jpeg","54838","QmYzdgLKFAnEeWijht6djfS8awy1vot4zqYWWCapdDReoj","0"
"32ad9401-3ac4-44b5-a963-74fbc69ca9c8","b85abefb-46ef-4bc5-aeda-d92c34b41875","4394f04b-1556-4401-8a24-033cf14fa2eb","b16028fe-64bf-4dbc-aeb5-d578d7ab0d51","newFile.jpg","a1d87cf1-c4ac-4f3d-a3fd-fca310b98067","image/jpeg","138545","QmYBavgYxZgoV8S78fS6Ac59DVHnWyUTs9dmo6jyezGg5i","1"
"35128ac5-d9fe-4171-80c9-6071254bc7d8","b85abefb-46ef-4bc5-aeda-d92c34b41875","e8169602-7388-4fde-9a40-b2356d207992","136cd90e-a055-4c59-a2dc-60dc548f17ef","newFile.jpg","c98919fa-0d69-4e65-bcd9-8894f0a9fe5f","image/jpeg","174754","QmVGycVUgUnW8T8i98h1tG3comdQjAuB8DqWtdTc3hdGAn","1"
"3519975a-0cab-4907-b7c0-dd026c6404d0","b85abefb-46ef-4bc5-aeda-d92c34b41875","08ed60ac-4db9-411f-9303-c1b39f117a3f","4cfbef09-e911-4d51-8d05-deea44a91bae","public.png","3cc5f950-daaa-4431-8651-73504f04a0a9","image/png","5356","Qmcj5rjdFVQNoWNJY9ozKLs9THkYn7qEpELmgC8sbwfuEZ","0"
"3d426171-1043-402b-9850-5603c149da95","b85abefb-46ef-4bc5-aeda-d92c34b41875","3fc75948-69d1-4111-903d-831119878ed7","1034b5ca-d22b-4d7f-ae4a-59e45a38860f","newFile.jpg","951c3d3f-943b-4bf7-829b-b6a57fd6e0a9","image/jpeg","33732","QmUXXevP2VXjW9hJsiXCGm15qSvL6aMX5UqRSRXwdhHupv","1"
"4129a940-0477-4ccc-83dc-c6689b1e1486","b85abefb-46ef-4bc5-aeda-d92c34b41875","198faca4-11ef-434d-a173-e5878502aa04","5430459e-1a36-417c-bada-d91bd98669f4","newFile.jpg","d564a60f-3af8-4603-ae2c-fdac759917c0","image/jpeg","20988","QmXTxk4X8nvcfUbRvmPwKV2TtyFuXQpuX5CgMKAr6b2Zvj","1"
"442dcf2c-08ad-43dd-862f-646b60d03615","b85abefb-46ef-4bc5-aeda-d92c34b41875","44b7ff13-a873-4f9b-86c0-970b21968e87","5430459e-1a36-417c-bada-d91bd98669f4","Whiteboard-undefined-bannerNarrow.png","f06f5951-48f9-4e11-bdad-20943878749d","image/png","31686","QmPR6oj2kK4UFXo7sEAD1gNzM2jsPxW2Lv3akikf15rzvC","1"
"4e2901af-638a-4dd3-9ba2-c1ce1e0d0e88","b85abefb-46ef-4bc5-aeda-d92c34b41875","6659158f-a291-4976-9907-468eaf395a31","a1d9272f-54eb-4a20-9252-caad061b247b","newFile.jpg","aa2adfb2-7cb1-41d4-9ecc-00db048356f2","image/jpeg","45491","QmUWQzK8FWaLPEv8omkQBCtgU6NEYDNs2NFRDDMBLVBJ49","1"
"5b174dfe-9b70-40ca-b6dd-deadc035612b","b85abefb-46ef-4bc5-aeda-d92c34b41875","dbfa0e24-ce87-4e58-a83a-985e41c1e2f9","935596be-f877-44bb-87f2-58c8718e01d6","public.png","d1cde351-fb52-460a-b2bf-f794fba7138e","image/png","5356","Qmcj5rjdFVQNoWNJY9ozKLs9THkYn7qEpELmgC8sbwfuEZ","0"
"5b63668b-867b-4db6-964a-234c79af5173","b85abefb-46ef-4bc5-aeda-d92c34b41875","bc5810f0-e39c-42dc-8fb6-c58705ff3d09","01231f65-0f7e-49c3-bcea-d3c0acb600dc","newFile.jpg","7858a0f3-a600-479e-937d-86e4700f5f95","image/jpeg","53493","QmZoEkAJPu1ug1RvzFfEhoLCz77yWCjqfDdEJrfc2jufeW","1"
"6254a67f-5406-4afb-af18-a321c0521460","b85abefb-46ef-4bc5-aeda-d92c34b41875","eab8c54e-f632-4568-b621-117afad36776","a1d9272f-54eb-4a20-9252-caad061b247b","newFile.jpg","9d310cc4-c27b-43ce-bfdd-c83269abe9a0","image/jpeg","45491","QmUWQzK8FWaLPEv8omkQBCtgU6NEYDNs2NFRDDMBLVBJ49","1"
"64d33924-cf23-4efd-8947-51370f133bbe","b85abefb-46ef-4bc5-aeda-d92c34b41875","0f8c4c42-6f1e-41d2-be29-576b5f5e9333","b16028fe-64bf-4dbc-aeb5-d578d7ab0d51","exploreren.png","cead3d78-b29b-43c3-996b-ca7763dc7463","image/png","21645","QmT3uHfgt3W5NabZQ5tUwv3XAipKFCV6oe8cB5t5TisZJ8","0"
"668b55b1-bda4-424f-9e1f-f9a0215d5776","b85abefb-46ef-4bc5-aeda-d92c34b41875","f7ad57f0-4d7b-4983-a507-2dcb2b95dc97","b16028fe-64bf-4dbc-aeb5-d578d7ab0d51","Whiteboard-whiteboard-opportu-1609-banner.png","d246be90-6aec-46ca-b1c3-52f1f80184ad","image/png","17676","QmR1pDoX8q6BZTCNfp2snV89YSBTFBG68tnPgg3kyQ4dwK","1"
"6c135429-6427-4920-84ac-5cd2bc87195a","b85abefb-46ef-4bc5-aeda-d92c34b41875","9ad7a0bb-70a9-4a5f-a6f5-396512f5d9e8","b16028fe-64bf-4dbc-aeb5-d578d7ab0d51","Whiteboard-whiteboard-dashboa-2119-bannerNarrow.png","4db25874-73b3-4db3-a9e2-5a13fa6af06c","image/png","14597","QmTXaBWjwbq7uSEwJXvY1Tofo5vby6GGXqqF6kkvmUAMh9","1"
"72440330-d67e-4e98-9818-052063fb42af","b85abefb-46ef-4bc5-aeda-d92c34b41875","af72d792-0c93-43a8-aded-c67e182a035d","b16028fe-64bf-4dbc-aeb5-d578d7ab0d51","Whiteboard-undefined-bannerNarrow.png","5d129322-c3bf-444a-90d7-4d57887a7c3e","image/png","14458","QmNinMQ71cEbrj2dXC8fUwZBpjbiq7THYfBFA9LyT1RVbt","1"
"842be3ea-6776-48c9-9465-9f62ff499104","b85abefb-46ef-4bc5-aeda-d92c34b41875","61da3071-fcdc-432e-9090-45077dcfc3d0","4cfbef09-e911-4d51-8d05-deea44a91bae","public.png","a12c93ed-c916-46f6-9864-6b6ac469d4bc","image/png","5356","Qmcj5rjdFVQNoWNJY9ozKLs9THkYn7qEpELmgC8sbwfuEZ","0"
"85842494-5047-4ee4-99ca-f48c4123023a","b85abefb-46ef-4bc5-aeda-d92c34b41875","a09deeec-c0b1-4539-ac1a-67ac39f92487","b16028fe-64bf-4dbc-aeb5-d578d7ab0d51","newFile.jpg","9e8e35b3-9d4d-411f-80b5-dd53fa8bcbb3","image/jpeg","148705","QmZMjvYSVVWN8m1F2fv3TcFrSH7e4DxKjWv1cudmvQhX7t","1"
"85be521e-7bd3-4ea2-908f-a9518f83c124","b85abefb-46ef-4bc5-aeda-d92c34b41875","ec148f03-9967-4f27-90e3-e14e97066382","1034b5ca-d22b-4d7f-ae4a-59e45a38860f","newFile.jpg","32d9cfe1-fefd-479f-b823-f88eeb73aedd","image/jpeg","50658","QmbDT5reaUa27bYVmLJ9SNLyADHAf9UPoKa6jTGL7evQX7","1"
"907e7d5f-5dde-42f0-80b4-7369d7f1b2fa","b85abefb-46ef-4bc5-aeda-d92c34b41875","f9d83e79-54ae-41b7-b3e2-b1bc2c0d19a5","a1d9272f-54eb-4a20-9252-caad061b247b","newFile.jpg","556be515-f080-420b-9570-20eff11ac954","image/jpeg","45491","QmUWQzK8FWaLPEv8omkQBCtgU6NEYDNs2NFRDDMBLVBJ49","1"
"910eae08-91ae-4955-a49c-572bf0f4d306","b85abefb-46ef-4bc5-aeda-d92c34b41875","d6c3f274-d1c5-4651-bdb4-9fac15257067","4cfbef09-e911-4d51-8d05-deea44a91bae","public.png","5c422eeb-90cc-4731-979f-549ec1ed0832","image/png","5356","Qmcj5rjdFVQNoWNJY9ozKLs9THkYn7qEpELmgC8sbwfuEZ","0"
"913a6f14-4b9b-42b6-a5a7-3fa838e77099","b85abefb-46ef-4bc5-aeda-d92c34b41875","c375b105-b0a6-4094-a66a-5dc487dd59a3","4cfbef09-e911-4d51-8d05-deea44a91bae","Whiteboard-undefined-bannerNarrow.png","74278295-1684-467d-ac1e-1262c906d4f1","image/png","1506","Qmc7wHqoMnocXYNzxxosivZWNX2w5AC75bvLJt3xvzzBLN","1"
"916fcc47-61e1-4ef7-a969-76b7fa847f82","b85abefb-46ef-4bc5-aeda-d92c34b41875","20c298b0-e6a7-4201-bb9b-1fc60840510c","8ede6176-75b5-4398-a6da-c6fcbef4d115","newFile.jpg","f06db5b7-e9ff-402b-936e-130747bb9134","image/jpeg","53493","QmZoEkAJPu1ug1RvzFfEhoLCz77yWCjqfDdEJrfc2jufeW","1"
"921f5519-38bd-41d0-bbb5-0c92a6bfc44d","b85abefb-46ef-4bc5-aeda-d92c34b41875","998dfdf9-d441-411b-8e95-730f26e58c1f","01231f65-0f7e-49c3-bcea-d3c0acb600dc","newFile.jpg","3f78ccdb-5da3-4e2a-b88e-f4807f8a517e","image/jpeg","38962","QmWGvitv1FYMWidBmbTWijsTizA3EDXfkDejfi17pj1LPh","1"
"99bee1c5-5687-4906-87ae-52b25a9a89c9","b85abefb-46ef-4bc5-aeda-d92c34b41875","0bd13a3d-12fe-4e7b-ab4c-649377ed8976","b16028fe-64bf-4dbc-aeb5-d578d7ab0d51","Whiteboard-secondstate-withe-812-bannerNarrow.png","cefdbdbc-764e-45be-93c2-c07c17c7ba0d","image/png","2983","QmbKiJqXUNXbD7XEfdD8whuSXJqpkRfAKcWnbcB2rSPA9e","1"
"9b20b975-7d3c-4daf-8717-b3c24a641738","b85abefb-46ef-4bc5-aeda-d92c34b41875","ad7d24cb-496c-4dab-b26c-a1aeba890a7a","a1d9272f-54eb-4a20-9252-caad061b247b","Whiteboard-undefined-bannerNarrow.png","2afb4806-1c6c-4875-9454-5233b4d2da43","image/png","14597","QmTXaBWjwbq7uSEwJXvY1Tofo5vby6GGXqqF6kkvmUAMh9","1"
"9b3ba577-4a19-40b3-8091-31ac4dea6463","b85abefb-46ef-4bc5-aeda-d92c34b41875","94f9bf96-c0f1-4f73-96fd-cabb8e8d2399","354d2774-9908-47c9-95c4-d3b813fffc8d","public.png","cd13a2f1-d61b-42fd-8140-2fa96d17c3bd","image/png","5356","Qmcj5rjdFVQNoWNJY9ozKLs9THkYn7qEpELmgC8sbwfuEZ","0"
"9b82aec9-5201-4d5b-b3fd-78e87ae2f7c2","b85abefb-46ef-4bc5-aeda-d92c34b41875","83c62fd2-136e-433f-b949-fe9107b30908","354d2774-9908-47c9-95c4-d3b813fffc8d","newFile.jpg","e2579ae8-fdce-4994-88f8-29a5840fde20","image/jpeg","14318","QmbSg2vyC64aJYjiUCYFLzEA7m6W9MmrfuAfzZFyUzmCT7","1"
"9d10f44f-e55a-4075-b099-36ef36a268fe","b85abefb-46ef-4bc5-aeda-d92c34b41875","b136d16b-0361-4043-aee2-fe2e24364707","ca8c769b-a8a9-4356-b856-ecb0c13b39ba","newFile.jpg","b09583b6-c718-42c6-92a2-77fa686ad51b","image/jpeg","18109","QmWmWnRQrKUKbQpw9L78VfMxkgek6yapymew25256rctaF","1"
"9d757507-b435-446f-9c49-01adb756a04b","b85abefb-46ef-4bc5-aeda-d92c34b41875","bb0e6d3e-fc1f-496f-9b9f-6b0df3fe8fcd","b16028fe-64bf-4dbc-aeb5-d578d7ab0d51","newFile.jpg","c3be816d-26c5-4376-84a9-5632a8a7d52e","image/jpeg","87671","QmfA9qxHm4z4hq1VCAWMJcr98fFXmucjUpUJbLNcnChsMA","1"
"a3267551-82a4-4a10-82a7-7f60ffbddbe6","b85abefb-46ef-4bc5-aeda-d92c34b41875","f9c3463e-9533-42af-a0d0-c0b89597fe53","8ede6176-75b5-4398-a6da-c6fcbef4d115","Whiteboard-laststate-whitebo-8405-banner.png","ffc1f472-2360-4492-b7a4-eb29b1dc638e","image/png","17676","QmR1pDoX8q6BZTCNfp2snV89YSBTFBG68tnPgg3kyQ4dwK","1"
"a3567110-d017-4da7-a35c-29b7b624b4f9","b85abefb-46ef-4bc5-aeda-d92c34b41875","e866ee8d-069c-4a48-abce-04981dba9afb","8ede6176-75b5-4398-a6da-c6fcbef4d115","Whiteboard-undefined-bannerNarrow.png","9e84e1ff-5a04-4c70-8402-324997c66c92","image/png","31686","QmPR6oj2kK4UFXo7sEAD1gNzM2jsPxW2Lv3akikf15rzvC","1"
"a4a9d834-c6bc-40ae-b4b9-b8b6dc40064d","b85abefb-46ef-4bc5-aeda-d92c34b41875","0a77b3e0-c022-4571-9e95-76518e657e00","ca8c769b-a8a9-4356-b856-ecb0c13b39ba","file-svg.svg","b65dc65d-5640-44c7-878f-31bc0f6e61de","image/svg+xml","119951","QmUv6hBjBksdcFx3imzTdYCeyMU5PJxgzk5Z7uToMHiCfU","0"
"a4fdcd1f-7833-4458-b1ed-c3465ea50d5a","b85abefb-46ef-4bc5-aeda-d92c34b41875","bbc5cea9-fa4d-439e-9982-44048b9b5870","1034b5ca-d22b-4d7f-ae4a-59e45a38860f","newFile.jpg","02ba898d-d436-40ed-9453-19c968c5c68c","image/jpeg","50658","QmbDT5reaUa27bYVmLJ9SNLyADHAf9UPoKa6jTGL7evQX7","1"
"a59d973a-9b60-4ed9-8492-45909983fdc0","b85abefb-46ef-4bc5-aeda-d92c34b41875","e8659ff8-1ec7-47c8-88b7-7d2fc1dbb882","8ede6176-75b5-4398-a6da-c6fcbef4d115","newFile.jpg","77231da3-9f85-4d1c-a040-b623bc863ac2","image/jpeg","53493","QmZoEkAJPu1ug1RvzFfEhoLCz77yWCjqfDdEJrfc2jufeW","1"
"a5a65cc3-1a7c-4e67-b500-476d8d6be909","b85abefb-46ef-4bc5-aeda-d92c34b41875","fc117c43-462d-495c-a150-3fc9ad093e68","1034b5ca-d22b-4d7f-ae4a-59e45a38860f","newFile.jpg","3e1eeaa9-b8e9-43af-847e-95ef3258450c","image/jpeg","50658","QmbDT5reaUa27bYVmLJ9SNLyADHAf9UPoKa6jTGL7evQX7","1"
"a9a97aa3-de74-430d-8869-0164ea9a2fc5","b85abefb-46ef-4bc5-aeda-d92c34b41875","9f89a3c3-25d8-459c-90ca-9693c7023018","b16028fe-64bf-4dbc-aeb5-d578d7ab0d51","Whiteboard-undefined-bannerNarrow.png","6bf2543f-151e-43c0-a587-759ed03f628e","image/png","32640","QmWCbZJu7FcnyVocR8bkJDqcWxD5oHtdT4daC8axF8HfYx","1"
"aae05e5e-c579-4252-9101-025401330f0f","b85abefb-46ef-4bc5-aeda-d92c34b41875","2adb4234-075e-4887-9136-d99deb550d77","354d2774-9908-47c9-95c4-d3b813fffc8d","Migration-crossing-Grumeti.png","9c111473-5483-4542-9df4-6e5f84921b0f","image/png","747233","QmYS9mhQJgYnwsgHjzFiZ4Z5Ga39goSUcLBqysDdQeRKDS","0"
"abcf1d94-2228-40fb-bbd4-04905fc42868","b85abefb-46ef-4bc5-aeda-d92c34b41875","420a17c3-fe38-4bc8-b1e3-837d70850e4f","8ede6176-75b5-4398-a6da-c6fcbef4d115","Whiteboard-undefined-bannerNarrow.png","09427c37-0178-49c4-8803-2b5911026ca0","image/png","31686","QmPR6oj2kK4UFXo7sEAD1gNzM2jsPxW2Lv3akikf15rzvC","1"
"b0f93a77-8d09-4c0c-b3e0-5f483a99d1c7","b85abefb-46ef-4bc5-aeda-d92c34b41875","8d25699b-718c-407c-8243-5499fe3b7f9b","4cfbef09-e911-4d51-8d05-deea44a91bae","newFile.jpg","c6c7b90c-4650-416b-81be-4b4609659664","image/jpeg","13499","QmVpbLJcR1kLZQeViWMhBr9jZrhe7b5keVbo2By4xDUodM","1"
"b1954ee5-5c1f-4d13-a35d-d7e061cfbf15","b85abefb-46ef-4bc5-aeda-d92c34b41875","233df165-f55b-4644-8dc7-510e15aa9b0c","b16028fe-64bf-4dbc-aeb5-d578d7ab0d51","newFile.jpg","977eeef6-8695-4888-a757-42de84ca0353","image/jpeg","228000","QmZqyf6qem5mQtaWYk26okETWvkARV2CpQyHij65F6e23Z","1"
"b4e42159-f32f-4a69-a74f-bc83c214cf68","b85abefb-46ef-4bc5-aeda-d92c34b41875","8279d37e-9c13-4eaf-81f8-ca639b5349e3","b16028fe-64bf-4dbc-aeb5-d578d7ab0d51","exploreren.png","24317598-bd08-49f0-a0db-c035280a374a","image/png","21645","QmT3uHfgt3W5NabZQ5tUwv3XAipKFCV6oe8cB5t5TisZJ8","0"
"b780db52-ee38-49d9-9a09-d22780d31668","b85abefb-46ef-4bc5-aeda-d92c34b41875","6ae41a12-94cd-4f32-a70e-99fdbd53c29b","b16028fe-64bf-4dbc-aeb5-d578d7ab0d51","newFile.jpg","a1d0a8ed-dd5b-46dc-aa06-efb15f34ebf3","image/jpeg","83206","QmbRTiMh3s9RVFWTWkBkgNkoYwbC5MckPSuAJBWgMrz7jR","1"
"b88b6b30-13ff-4a8e-b0d5-8dd67dee6632","b85abefb-46ef-4bc5-aeda-d92c34b41875","e246645b-e231-4dee-9185-17fa40069e7b","1034b5ca-d22b-4d7f-ae4a-59e45a38860f","Whiteboard-undefined-bannerNarrow.png","1847512d-9a9f-46d0-93a4-e3ef76d85a4e","image/png","1506","Qmc7wHqoMnocXYNzxxosivZWNX2w5AC75bvLJt3xvzzBLN","1"
"bdbe19e5-08aa-4b3e-a85f-1ef52f8e2963","b85abefb-46ef-4bc5-aeda-d92c34b41875","12624371-b056-40ea-b607-6387b2284eba","b16028fe-64bf-4dbc-aeb5-d578d7ab0d51","newFile.jpg","91bf7c2c-c273-4a59-b2b6-59c451e41814","image/jpeg","138545","QmYBavgYxZgoV8S78fS6Ac59DVHnWyUTs9dmo6jyezGg5i","1"
"bdfd430d-efcf-4362-a88e-19bd38eb8226","b85abefb-46ef-4bc5-aeda-d92c34b41875","2fc7ccd2-307c-411c-85d5-43bbb073e0fd","b16028fe-64bf-4dbc-aeb5-d578d7ab0d51","Whiteboard-secondstate-withe-812-banner.png","76b6f14e-d749-44f1-8da5-0faccd792323","image/png","1893","QmcCVRHsUPAEcqYjoN2WB8fMkct6wvit9KiuifFqQrB2vf","1"
"c041d314-af55-4a01-82ce-bf5a6c52219c","b85abefb-46ef-4bc5-aeda-d92c34b41875","eb35f380-f580-48be-a6e4-267d4c1b8365","8ede6176-75b5-4398-a6da-c6fcbef4d115","newFile.jpg","e11ad82c-a364-42b6-acb4-6f724db68f6d","image/jpeg","34501","Qmaj5q1RVjJqc8SCtLUD5VY2B9rz5vckcQpvMPA25YoeeM","1"
"c1895ca8-2627-44be-adfa-40f297f667a1","b85abefb-46ef-4bc5-aeda-d92c34b41875","57e7087b-c94f-4f08-85eb-15c0759d7d7c","b16028fe-64bf-4dbc-aeb5-d578d7ab0d51","file-jpg.jpg","3c949805-877b-4c8c-9786-8ca101aee3b1","image/jpeg","54838","QmYzdgLKFAnEeWijht6djfS8awy1vot4zqYWWCapdDReoj","0"
"cf274daa-34c2-4ad2-8aa8-809710369417","b85abefb-46ef-4bc5-aeda-d92c34b41875","e5827a34-a666-4401-bae5-8bc04e88dd7d","ca8c769b-a8a9-4356-b856-ecb0c13b39ba","newFile.jpg","98eaf0bd-d2d6-42c9-bc6f-5462bc9cb37b","image/jpeg","15750","QmaiaisVs79JqJ4yCN14kwb5woQBAUnxd5Tq4b55TpnrxV","1"
"d04a9a99-e3ec-430e-8be5-73da5616dd01","b85abefb-46ef-4bc5-aeda-d92c34b41875","1b07e62c-2904-42cf-bf33-b55d227ec3d2","4cfbef09-e911-4d51-8d05-deea44a91bae","newFile.jpg","ca614aac-b32a-4a8a-8e58-2f5c3a583197","image/jpeg","25161","QmNS5NADLWZ63WoDq46YXAm8fhLhLiUbqmYG5gk4Yzui1i","1"
"d1147885-d8ca-46c0-9285-016f7cb99008","b85abefb-46ef-4bc5-aeda-d92c34b41875","7b19a887-a142-4fc1-9b41-13a9dc746ee7","fc415753-6a60-4874-9bb4-2ee284a4ac87","newFile.jpg","d68b75d6-70d3-4cd0-9cba-8fdd60b1a438","image/jpeg","50658","QmbDT5reaUa27bYVmLJ9SNLyADHAf9UPoKa6jTGL7evQX7","1"
"d131416a-ec3c-4c5c-8940-592813d1fd86","b85abefb-46ef-4bc5-aeda-d92c34b41875","305118d5-05c3-4c4d-a578-9e879026d3a7","fc415753-6a60-4874-9bb4-2ee284a4ac87","newFile.jpg","3fed332a-3b22-46aa-920f-6044773321ec","image/jpeg","26646","QmfKM3uzFVE4fhVkCutHvyNDWpvD6AmSBMneF2qufNWxFf","1"
"d3553808-702d-403b-9ef1-9188e3ee28b4","b85abefb-46ef-4bc5-aeda-d92c34b41875","2386f3b1-3f7e-49d7-babf-e9b437a93800","a1d9272f-54eb-4a20-9252-caad061b247b","Whiteboard-undefined-bannerNarrow.png","e688ff72-9d6e-4d39-84ef-f14b38b75e0e","image/png","74845","QmegD1c6mnx4RkPA2dr48eDtmaK1KBGAPT29EwRxKjLjPs","1"
"d4a93fbe-0d37-4aef-b124-b642d27b5a01","b85abefb-46ef-4bc5-aeda-d92c34b41875","98e4bafb-fbbf-45e5-ab60-4822f3a73982","8ede6176-75b5-4398-a6da-c6fcbef4d115","newFile.jpg","62f896a7-2f56-49a6-b183-78ec62a4ca38","image/jpeg","34501","Qmaj5q1RVjJqc8SCtLUD5VY2B9rz5vckcQpvMPA25YoeeM","1"
"d50d34ae-e62a-4187-ad08-3de2d609276a","b85abefb-46ef-4bc5-aeda-d92c34b41875","2c63b9ca-c0d5-417e-b28b-65e43c77d8c1","b16028fe-64bf-4dbc-aeb5-d578d7ab0d51","Whiteboard-whiteboard-dashboa-1807-banner.png","957e55ec-f35f-46e6-8608-35beed2ffe95","image/png","17676","QmR1pDoX8q6BZTCNfp2snV89YSBTFBG68tnPgg3kyQ4dwK","1"
"d72931d5-9df3-4939-a164-a1d4baba2881","b85abefb-46ef-4bc5-aeda-d92c34b41875","3032c701-d33d-4530-bb6b-4a1474dc6bd7","b16028fe-64bf-4dbc-aeb5-d578d7ab0d51","file-webp.webp","c4442340-dec0-4f7e-9131-51660a9ce676","image/webp","658538","QmZjpuKsyZunVt7seKZWd3BPVMMNHJmok2JyEQK2f7j3Px","0"
"df483daa-4bf4-4759-9c96-f2e6292fe3f5","b85abefb-46ef-4bc5-aeda-d92c34b41875","a0dad38f-ab36-486a-b317-55fc48efb2b7","ca8c769b-a8a9-4356-b856-ecb0c13b39ba","newFile.jpg","84725410-e465-4890-9c67-9cd3e4e00225","image/jpeg","145731","QmRxrgvbNqe8u53j5yfaJjkRfYAwFdYQUS25ArEtWnr5uj","1"
"e1a054c0-343a-414a-8cfd-c7732e9779f2","b85abefb-46ef-4bc5-aeda-d92c34b41875","9bf3b463-eb09-47d5-a2a1-ffd0014ea68d","b16028fe-64bf-4dbc-aeb5-d578d7ab0d51","Whiteboard-whiteboard-opportu-1609-bannerNarrow.png","7254af5f-b397-4e35-93b0-3d4b876a4395","image/png","14597","QmTXaBWjwbq7uSEwJXvY1Tofo5vby6GGXqqF6kkvmUAMh9","1"
"e352c729-2471-4f12-ac7f-2543e80382f4","b85abefb-46ef-4bc5-aeda-d92c34b41875","1d03eda7-49dc-49fb-9255-98f85e118f7c","b16028fe-64bf-4dbc-aeb5-d578d7ab0d51","Whiteboard-undefined-bannerNarrow.png","38b566ee-239c-447e-b706-1e26cd4a226f","image/png","31686","QmPR6oj2kK4UFXo7sEAD1gNzM2jsPxW2Lv3akikf15rzvC","1"
"e8262766-f5d3-405e-af70-f543218eddf1","b85abefb-46ef-4bc5-aeda-d92c34b41875","13fcdccd-8190-4a39-a18c-fff2191bd541","ca8c769b-a8a9-4356-b856-ecb0c13b39ba","newFile.jpg","7a5593eb-bd84-4539-9be1-d9ff0dc9e8d1","image/jpeg","169727","QmRMBm9b48C23fGj7ZjE8De3NM7PAqJPofEnT2Wu15VFEy","1"
"ea564902-1399-438f-b183-801ea868c7a0","b85abefb-46ef-4bc5-aeda-d92c34b41875","eeafd6b3-23ce-4ce6-9e87-06aa999d8fe9","ca8c769b-a8a9-4356-b856-ecb0c13b39ba","newFile.jpg","11420deb-405d-4266-96c0-4f65faf9c413","image/jpeg","215588","QmdTmrVXqzV1iUw48xh9kPexg233R2rasnsaf7mzr6RC55","1"
"ec21683e-0b3b-47a7-9e6e-8e59db43ec1c","b85abefb-46ef-4bc5-aeda-d92c34b41875","ba46f596-e433-4b0d-9486-950cee38e7a8","b16028fe-64bf-4dbc-aeb5-d578d7ab0d51","Whiteboard-whiteboard-dashboa-2119-banner.png","629f3601-ce3b-4a94-9b5d-cb7e9e56d30a","image/png","17676","QmR1pDoX8q6BZTCNfp2snV89YSBTFBG68tnPgg3kyQ4dwK","1"
"ec6ddaad-2ae8-40d1-baa4-f82a15bc1b40","b85abefb-46ef-4bc5-aeda-d92c34b41875","2b436e05-a007-48fc-a121-09a924c2ce76","4cfbef09-e911-4d51-8d05-deea44a91bae","public.png","1ea915ed-1798-46a5-aa3b-0fbf10b752f0","image/png","5356","Qmcj5rjdFVQNoWNJY9ozKLs9THkYn7qEpELmgC8sbwfuEZ","0"
"f558979d-228f-4ade-9f52-0147a20824bb","b85abefb-46ef-4bc5-aeda-d92c34b41875","fa1befb4-cb5a-46a6-9814-0bfe318c5829","8ede6176-75b5-4398-a6da-c6fcbef4d115","newFile.jpg","e9af6e0b-67b3-4d56-882c-ff3a5a87cddc","image/jpeg","53493","QmZoEkAJPu1ug1RvzFfEhoLCz77yWCjqfDdEJrfc2jufeW","1"
"fa85457f-4b6f-4fe6-b3e7-0872f9548b64","b85abefb-46ef-4bc5-aeda-d92c34b41875","6f1fab14-2931-4b4d-b233-31cedb87cfc7","a1d9272f-54eb-4a20-9252-caad061b247b","newFile.jpg","185fa0f6-d0aa-4f9d-a5b5-8110f572e068","image/jpeg","27824","QmWCmEMHoPZJE4QUX8FmqWho7EhASfq5Vjnb4tA8vPNJNU","1"
"fc8eeab4-8dee-491b-a20b-47b39e1b939a","b85abefb-46ef-4bc5-aeda-d92c34b41875","644560f8-518e-4a74-8e0f-dcc092d9f0a6","5430459e-1a36-417c-bada-d91bd98669f4","newFile.jpg","22cbcfb0-cf06-4758-9921-918911b0d917","image/jpeg","45491","QmUWQzK8FWaLPEv8omkQBCtgU6NEYDNs2NFRDDMBLVBJ49","1"
