"01231f65-0f7e-49c3-bcea-d3c0acb600dc","4a481361-e0f0-4e8a-9ec6-1ccbdfe3700a","image/jpg,image/jpeg,image/x-png,image/png,image/gif,image/webp,image/svg+xml,image/avif,application/pdf","5242880",\N
"1034b5ca-d22b-4d7f-ae4a-59e45a38860f","e6cf23d3-0054-45be-ae04-57c937d3d4f9","image/jpg,image/jpeg,image/x-png,image/png,image/gif,image/webp,image/svg+xml,image/avif,application/pdf","5242880",\N
"136cd90e-a055-4c59-a2dc-60dc548f17ef","c2b3811d-74a8-4787-b33d-59de34ab7922","image/jpg,image/jpeg,image/x-png,image/png,image/gif,image/webp,image/svg+xml,image/avif,application/pdf","5242880",\N
"354d2774-9908-47c9-95c4-d3b813fffc8d","9796a44c-8ed9-49f7-9c14-cf11c4a472c3","image/jpg,image/jpeg,image/x-png,image/png,image/gif,image/webp,image/svg+xml,image/avif,application/pdf","5242880",\N
"4cfbef09-e911-4d51-8d05-deea44a91bae","be3c8555-7e79-4f68-a0e2-ae3baeaa48c1","image/jpg,image/jpeg,image/x-png,image/png,image/gif,image/webp,image/svg+xml,image/avif,application/pdf","5242880",\N
"5430459e-1a36-417c-bada-d91bd98669f4","fb4aa76e-e040-4b3c-83ba-61ef7fab7649","image/jpg,image/jpeg,image/x-png,image/png,image/gif,image/webp,image/svg+xml,image/avif,application/pdf","5242880",\N
"8ede6176-75b5-4398-a6da-c6fcbef4d115","215201d2-1947-4e7d-a5cc-a9f1c9359c06","image/jpg,image/jpeg,image/x-png,image/png,image/gif,image/webp,image/svg+xml,image/avif,application/pdf","5242880",\N
"935596be-f877-44bb-87f2-58c8718e01d6","44eb8919-491c-4d50-844a-de81cc8e42c9","image/jpg,image/jpeg,image/x-png,image/png,image/gif,image/webp,image/svg+xml,image/avif,application/pdf","5242880",\N
"96021c2b-0613-4e9f-a06a-fd327bdf4aed","342a4221-f8fe-457b-8f7c-6105d56a4310","image/png,image/x-png,image/gif,image/jpeg,image/jpg,image/svg+xml,image/webp,image/avif,application/pdf","5242880","ca8c769b-a8a9-4356-b856-ecb0c13b39ba"
"a1d9272f-54eb-4a20-9252-caad061b247b","f4569781-4348-4bb6-9d50-b5ffda3b86fa","image/jpg,image/jpeg,image/x-png,image/png,image/gif,image/webp,image/svg+xml,image/avif,application/pdf","5242880",\N
"b16028fe-64bf-4dbc-aeb5-d578d7ab0d51","0415f594-f3dd-4e86-8076-a1c6cc78eb11","image/jpg,image/jpeg,image/x-png,image/png,image/gif,image/webp,image/svg+xml,image/avif,application/pdf","5242880",\N
"c6aae6cc-6f7f-423b-8fb4-b51fb7e93438","1acde817-40e9-48bc-906e-bf50b7972845","image/jpg,image/jpeg,image/x-png,image/png,image/gif,image/webp,image/svg+xml,image/avif,application/pdf","5242880",\N
"ca8c769b-a8a9-4356-b856-ecb0c13b39ba","7813b799-6bbd-4ea0-b465-55c0f108b5c4","image/png,image/x-png,image/gif,image/jpeg,image/jpg,image/svg+xml,image/webp,image/avif,application/pdf","5242880",""
"fc415753-6a60-4874-9bb4-2ee284a4ac87","524afcf2-e246-40cb-b7e6-8eb7e468ebf7","image/jpg,image/jpeg,image/x-png,image/png,image/gif,image/webp,image/svg+xml,image/avif,application/pdf","5242880",\N
"fe570014-e302-4a27-adec-6cd9126fdc58","13eddc6c-0d9f-48fa-8d87-b7248df222ea","image/jpg,image/jpeg,image/x-png,image/png,image/gif,image/webp,image/svg+xml,image/avif,application/pdf","5242880",\N
