"00d916d8-20ec-44db-8d19-2cc0a6058657","flow-state","Exploreren","82f5e362-6d48-4651-8f14-a38215550a50","92aa28da-b61f-475a-b8b1-7604e06c65df","5c397620-8d2b-428d-ba5a-15d44399ba2c","select-one"
"020a660f-234e-4d7f-a758-ef53557c5600","default","","2e44c573-305e-42bd-9b7a-c7c5051d8415","cdd44571-2c72-48ee-bb75-06c5558d6401",\N,"freeform"
"0226e1f7-90c2-404c-95ac-d1aac3ca1d99","callout-display-location","HOME_1","82dfbac3-13cc-4326-a38f-b1b09c5181f0","807c6790-00d2-4b7a-a179-995625c1505f","5c894bcf-edd8-43ac-93a2-d5dc118d3634","select-one"
"0236d564-f685-41c8-92a9-57ea64b7801d","default","","6d7d74a4-40f3-44fb-8804-d55170a27159","5f0df47b-5f20-4b02-851e-d20517c54d2d",\N,"freeform"
"02ba898d-d436-40ed-9453-19c968c5c68c","default","","72d9f949-22e8-460b-82b8-3a201414363d",\N,\N,"freeform"
"02fda8e3-e9dd-43bd-93b1-a4c02fb22493","callout-display-location","HOME_0","daf58657-eb77-4a90-b06a-e2f3bf481e2a","cce64657-512d-4edb-9679-3fa660b6a017","5c02202b-7d6f-422d-8076-6ce72f212645","select-one"
"040bb5bd-6964-4e99-9917-1b80268f7fbb","skills","","1e42c370-de8f-448c-acd5-d86b7a1928f2","39fd88aa-2157-4ecc-b0f3-6ab080e5b99d",\N,"freeform"
"04b48452-2753-4056-b519-59ed61853be2","flow-state","Opp","b2d3a7e3-64bc-43b2-b8ca-3e0f1b6dbf4c","a58a1dae-5c7f-4a9e-8ca9-62408d2b8695","ae6bf6da-ed60-462f-a4a2-4349b2fd8a0b","select-one"
"058d2f9d-3862-49ea-8219-528f0d185859","default","","0de3458b-84de-48d5-9542-24c09e214f30","b7ba2617-91eb-4d98-abc9-777624f1bb82",\N,"freeform"
"06600ce6-714b-4bc5-b8e7-7414c7412b46","default","","f90f1492-8276-4eb8-95ad-cf46b6a395f1","434a45b8-e1a6-45bf-954d-d7e852fef3f8",\N,"freeform"
"0748e3fb-d8b4-4d96-b614-f905917d5a31","callout-display-location","HOME_2","d6c1c672-c1d6-41c2-b5ff-181dbd8b16d4","6857aa99-903b-406a-bd29-0892bde6dbb5","c89c2ec4-ae65-4dff-b14b-027515904c89","select-one"
"07b6e96f-d31b-4acf-91c4-a01e40414b8b","flow-state","Voorbereiden","f07f36f5-30d6-4823-8cfd-23119963d39d","91c4aa64-cbc7-401e-ae32-e3a890b22e98","13907ee6-01e0-4c74-948b-bc833617b7ef","select-one"
"0845cf68-cbfa-4ace-bc68-bbb816684842","callout-display-location","HOME_0","90a049eb-2378-443e-8777-fc8f7d3ca220","3819de59-4816-45e5-9e92-0cc82c209074","b387be23-e76c-4cfc-b98b-35af7962998e","select-one"
"08ba3c46-e3f8-40da-bdfa-23d0bb00ea9d","default","","ef7f1017-2055-45ef-84ac-c6101c603184","eebba823-3ab5-4550-8657-708664bc4525",\N,"freeform"
"09427c37-0178-49c4-8803-2b5911026ca0","default","","8c0f9826-02e2-4bfc-bfe3-ff61bef66d4c",\N,\N,"freeform"
"09b6a093-892c-417d-bae4-50bb2ae72682","default","","8acab9c0-cdca-4967-bf89-70b78cf6225d","97694b6f-6024-4ad8-8dc6-f18518e7e8cd",\N,"freeform"
"09e34ff2-06fc-4214-b698-6c204af97649","default","","de730cc3-2e23-4f68-b1e0-4725c5281783","e35ff5b8-b9f9-46f5-9c72-9688dcf2c885",\N,"freeform"
"0a0d497b-daa8-4e62-ad59-ddf3fe57c29b","default","Opp-Exploreren","70e2607c-100b-4852-93f5-f42216cfda08","4d26e521-c3fa-4507-bb4d-29ed1e34a111",\N,"freeform"
"0a2c379f-16e6-4702-84d5-9b870c5e7231","default","","7a25ff02-3a54-403b-8ab1-f3cf19c14d54","563d10a3-ef4c-4c9b-9d7e-baa084db9e49",\N,"freeform"
"0a65f634-2f47-4c5f-9e29-14bfa4193405","keywords","organization2_legal_name","d44bcf13-1693-4df4-a203-32a0539fc158","b5f0fa6e-f61a-48a8-9882-7f87fd4385b5",\N,"freeform"
"0acf179d-d2d2-4636-9727-18dc385580c2","default","3rd,state,post,right","bfb22133-0199-44d7-8e2d-7db95032e25f","7d45deac-6696-427e-920b-b8390cb052a3",\N,"freeform"
"0b3a8ca6-2bca-440c-8ce2-256fcb9142ed","default","Challenge - Exploreren","3c087e8c-2b0c-461a-8eb7-5e79adde7a47","9a5a7ee3-5cd7-44e2-8467-507a04892517",\N,"freeform"
"0c41d762-2f82-4a8d-bb4f-2fc87f310d81","default","","02ed7beb-b347-4c1b-add8-3f99f39e5aad",\N,\N,"freeform"
"0cb82ead-0cba-4969-89db-9bcba3270282","default","Challenge - Definiren","a4104300-37db-432f-b052-10073253e452","59a040a0-404c-4c00-965a-324a86d10090",\N,"freeform"
"0ce01d11-4e46-482f-a4ab-cc6689bdb549","default","4th,state,collection,links,left","902b6d8a-35ed-4ba6-bd76-99c36e4d1cca","b6bb5dac-f10a-4618-ad72-528174222915",\N,"freeform"
"0cee128a-a0e9-424b-a653-0c889b06857c","default","5th,state,post,right,closed,draft","1998e4f3-3255-44e5-80da-2dc6dd186266","7c1fb179-4430-4018-8fd0-0f4ed0f341ef",\N,"freeform"
"0d415582-e371-4636-97c0-9519f851857a","flow-state","Opp","a1923440-f3c1-4d75-9664-c5d71c5c8e39","036562a9-920a-43d9-b901-2cf23aa35965","ae6bf6da-ed60-462f-a4a2-4349b2fd8a0b","select-one"
"0ef3a72b-de59-4ee6-94ea-7fd2964e6b6d","flow-state","Definiëren","a036ca21-e7b6-4581-971d-047dfcd0ace7","563c3917-efd1-4350-a088-ca2376c7631b","2b42bcda-6ab2-4953-939f-225a94da5a46","select-one"
"0fe5fad1-277b-4b7c-b3c5-2b4e3068127b","flow-state","Definiëren","d995ec17-2162-46cd-ad8c-45d842afde7a","aa17ffb4-ab1f-4cb6-94da-53520816ea50","9fb30137-2005-40e1-8bf3-dc6c49abef01","select-one"
"10f88f63-efda-4bfb-8174-0040085e27cc","flow-state","Opp","105f4d3e-47af-4be5-890e-f24a37b96de6","ce5fe0b1-d0d7-41d4-9453-d1b679b60a24","9fb30137-2005-40e1-8bf3-dc6c49abef01","select-one"
"1102eb7f-daa8-407b-84ce-119f0437b077","keywords","","0e5265d4-3e68-4ced-8e12-ee66653d3c8c","66520596-9e2f-444c-9a10-532181c56da1",\N,"freeform"
"11420deb-405d-4266-96c0-4f65faf9c413","default","","3f59ed35-dd13-4beb-8263-56ed2e46ab9c",\N,\N,"freeform"
"11caba5f-8c58-4f2d-96be-052d5c422c76","default","","177f4172-4c29-4a87-890d-27205fc68d7f","4e6d00d2-94d0-4f91-b236-7ca0fac52046",\N,"freeform"
"11cf467e-56ed-4e7f-b385-6c02c2297b4d","flow-state","Voorbereiden","a05ab1ef-a65e-473b-a504-a36d0989193c","eebba823-3ab5-4550-8657-708664bc4525","de703a3b-7e10-49c4-958e-d084a528a725","select-one"
"11f73fe8-9826-4c30-954d-d40695c879d9","default","","d92b149a-1691-477f-8801-aa9a4ddef907","2ccfdfab-8bd3-4d72-8a3a-19202faf1730",\N,"freeform"
"1212d12f-06d6-4490-adf6-5b611774412a","default","","770b827b-5d0c-4bbb-91c8-5987620ec79d","f018af32-f3ed-4bcc-b65b-14c126b814c2",\N,"freeform"
"12376fa1-a785-40f2-82f7-0e85016cf1c7","default","","64e5f9f3-4230-4f16-8139-d8fa7630a0d6","92cd701f-e9b2-4fcd-9cb5-dcd3b28499d1",\N,"freeform"
"134cf4ac-1ba7-4ede-9cdf-8128c93de38b","keywords","","de9e59d6-3306-4182-93c4-c2d4182f8819","0fffcfef-af4f-48cb-badb-4c61f3d27427",\N,"freeform"
"13bb615f-c9dd-42fd-919e-b22cf1b8322c","default","Last,state,post,right","16befad5-f376-4d9f-9a83-992faafaebae","cc2445d1-7ce2-4944-b9ab-a9c023abf549",\N,"freeform"
"13e5d73b-361b-4649-af37-85beaeb42705","callout-display-location","HOME_0","25cfe985-718b-4682-8463-88fa2c1d0335","72891c76-f6c8-4b98-8283-6cd9725daaba","1cbb9756-3544-43ec-acdf-71d6254aa679","select-one"
"14142c5e-b9dd-4ceb-8a1e-fc0668e542a1","callout-display-location","CONTRIBUTE_2","4d555faf-60a0-4d0b-b2ca-0b8c191a1436","84a24792-a1b4-49f8-bf31-be0ad36805dc","6a5e917c-b354-490e-a5f0-f34f44cd8e79","select-one"
"14f9bc3f-5cbb-4473-ad09-b29fecf0f13b","flow-state","BegrijpenenOntwerpen","0c10709f-5328-4fad-8ee7-c70b3346a102","2159f10d-ec15-42a7-9859-b1c34432cd28","5c397620-8d2b-428d-ba5a-15d44399ba2c","select-one"
"1546036e-cd51-46d6-9c8b-db6061c9a675","flow-state","Definiëren","4e950863-3c7f-4884-bb2e-3015f13f2308","17e993fa-3da2-4dee-b1c0-705865ac6b09","c34e023e-890a-4c8b-aedd-68260b41ee27","select-one"
"160250f4-eb83-4bcd-bc97-0b0f18c296ad","default","","036658a3-28d0-468c-ad5e-91ba74e98760","1a90456e-70e9-42d4-b6cd-cbc904f7633c",\N,"freeform"
"160a3455-0214-4388-ab08-2d8a946d7970","callout-display-location","CONTRIBUTE_2","ff72d754-9639-4191-8201-82274d7158c4","aa17ffb4-ab1f-4cb6-94da-53520816ea50","66559ee9-0294-461c-aa40-0ca0e4512a66","select-one"
"165f1089-22d9-4eed-9f43-0641370ec9eb","default","Challenge - Exploreren","690e7b16-25b5-4851-be21-d675ded96440","90f21a28-7c64-4ca7-b1ac-ca0abafc7297",\N,"freeform"
"16c6b556-00e1-4765-87dc-648fd6e1b481","callout-display-location","HOME_2","1afbfd9f-ebcb-4e7f-8059-0242e9c86332","3923656b-778e-4753-9b23-9d5ee47a991b","70019eb0-3006-4e40-a5ed-d3d546a58afe","select-one"
"176192e8-7cd3-4889-a8ea-2cf8e011e630","callout-display-location","HOME_2","08e8e34f-0302-4c96-8321-c84122beafc3","e77967e5-39f4-45ed-90e8-2f6622630aaa","d749bfdd-a6f1-42b1-b5cf-44c984a5b6b2","select-one"
"1847512d-9a9f-46d0-93a4-e3ef76d85a4e","default","","fc4321ff-688f-4e34-8dc0-5b87af521c4b",\N,\N,"freeform"
"185fa0f6-d0aa-4f9d-a5b5-8110f572e068","default","","ebca0208-3bd1-4621-83a5-e88e3b142a03",\N,\N,"freeform"
"18f8f731-3dd8-48d5-99f1-4e34e7b2498c","callout-display-location","KNOWLEDGE","bc76b8c1-9cc4-4d21-82b5-ba5e412f406c","780b252e-4338-4641-b683-2ba1dad58bbc","70019eb0-3006-4e40-a5ed-d3d546a58afe","select-one"
"19c713de-9d8e-40ae-bda3-66ec617e2a61","default","","fb6436ea-e034-452f-a7f6-2b2b8366e089","6fe2ae53-5dc3-4e29-88e0-986900156e84",\N,"freeform"
"1a5bb898-7f34-46bd-9cc3-c290b209f196","default","","7600ab1d-4d33-4c68-857d-08ebec0500fc",\N,\N,"freeform"
"1b0df482-d1c2-452c-9cc2-8ce2d024aa00","default","","1ca69d8e-9787-4cbf-b1c0-e2721f5c648c","c76b90d3-fc3f-44c3-a1d3-5eecd7c0df40",\N,"freeform"
"1b571ecf-8cd5-4fe3-a9fb-8d98ce6f8158","flow-state","Specificeren","4bb111c7-dc30-4f1d-9805-e8fb9eba9d46","098c0abb-ac30-475a-b5ff-8e7a0857e600","ae6bf6da-ed60-462f-a4a2-4349b2fd8a0b","select-one"
"1b5cb0bb-9cb1-4236-a11f-2cd883be8165","default","","a21e0e0c-0f66-4179-89d0-cdf214dbe03f","af2a26c6-6071-46ad-8490-d9912f1e5aa5",\N,"freeform"
"1b6d6fd4-c7eb-4b33-8bee-ccc97a2c3842","default","","2f203d14-31f2-4cb3-bc1e-49c5c621b586","e16f13bf-8922-4391-b738-7d8a2c8ab378",\N,"freeform"
"1bb8e221-798b-40a2-a436-6646f052444f","callout-display-location","HOME_0","af0939ad-c697-4c59-a76c-68e1ab6f1b5e","02ded188-8221-42e2-a7e3-a7c9b7314b79","3c4fa741-c298-48a2-9602-0d63e1ad72ac","select-one"
"1bf2077b-b309-4c4e-ab8a-eb013f7b7f3e","callout-display-location","CONTRIBUTE_2","a2e15e11-7392-4868-a1d6-c22382cbe0b6","cc2445d1-7ce2-4944-b9ab-a9c023abf549","3c4fa741-c298-48a2-9602-0d63e1ad72ac","select-one"
"1c219cb0-c7d6-4894-92a7-ecda2a49631e","default","test,whiteboard 3","ea547af8-76d7-4b57-8613-8dd540bdfd88","a24b5176-3bf8-419f-b4a8-9f77cd8a3e96",\N,"freeform"
"1d9e775d-713b-49be-804f-11afec07cab9","default","","47b97aad-4566-4fb9-9861-4f931fb2abf1","e3f319fb-1e30-42ec-9675-5ac3b5d567f2",\N,"freeform"
"1e9771a3-6763-45c8-8c92-22b4bb4dc349","flow-state","Exploreren","a2d335ea-9919-4fa6-a69f-56bd1f78f4df","2f3d6a7f-3068-4232-ae17-e5a46a0fb502","5c397620-8d2b-428d-ba5a-15d44399ba2c","select-one"
"1ea915ed-1798-46a5-aa3b-0fbf10b752f0","default","","01e7b4fc-65f9-4474-952d-4514f9a51852",\N,\N,"freeform"
"1ead6981-d9f7-4fa3-ac94-adae729deeb7","default","","be5ca079-1244-4d9e-98d8-7d7fabed729c","dd3712b3-f550-4baa-af05-bf323878d278",\N,"freeform"
"1f59c90d-fbf7-49a8-8d3b-7456e8bf2c72","callout-display-location","HOME_0","ca7c35af-0642-4d10-ba92-997cd0ff2ae9","a2d2d9a2-7bad-444b-aef2-8f2b1b920923","70019eb0-3006-4e40-a5ed-d3d546a58afe","select-one"
"1faed554-f4ba-44c4-b1b8-4857e091e3a7","callout-display-location","CONTRIBUTE_1","6ee3e078-786b-49a0-bb25-509305abe1e3","8e35b7cb-7f3b-4548-aa4c-62c41806b07f","b8025a13-cf6a-4538-8b64-612bf10daaa1","select-one"
"214ee38d-4393-460a-9843-795820b239a0","default","","d3a706ab-b9e8-4415-94e2-f6ace4b549a1","b102f505-ea07-4fa6-98a9-4fec797454fe",\N,"freeform"
"220dbbcc-8bbf-483f-b6e9-4b93c7c5ab63","callout-display-location","KNOWLEDGE","82f31c5d-9a94-4d62-a063-d64be0275383","50251ea1-3e1b-4c54-8e7d-ead8e8b86979","5c894bcf-edd8-43ac-93a2-d5dc118d3634","select-one"
"22409ed5-4742-4653-a6d8-b442fc168b3d","flow-state","Exploreren","01789cf3-290f-4551-be79-834ff34a346c","4cd52cba-61f2-4a06-9173-2fa0e6f6d103","5c397620-8d2b-428d-ba5a-15d44399ba2c","select-one"
"22cbcfb0-cf06-4758-9921-918911b0d917","default","","f6a8bd1b-50cc-4e7f-9c42-21468c28f826",\N,\N,"freeform"
"238fd58c-4787-4eb1-8ee9-c66186eaa318","default","","aade3688-db7f-44bd-9d88-91a7fbfff443","ab77ecd5-7e66-4358-b94a-129c419f9a05",\N,"freeform"
"23da7ead-1eed-4dc0-9ad3-701f6f78f8e8","flow-state","beingRefined","2486ba7e-99cf-4234-b45c-cdf8ff033d9d","da92c36e-5b02-473f-b91a-ca66d7f56ef0","ec3c82e9-d7d4-4e12-8718-3a2b8590c0fe","select-one"
"23e36603-9cc8-4887-9886-be644d578f5b","flow-state","Valideren","2316bf56-c13b-4f14-b9e7-93de533c4039","8e35b7cb-7f3b-4548-aa4c-62c41806b07f","5c397620-8d2b-428d-ba5a-15d44399ba2c","select-one"
"24317598-bd08-49f0-a0db-c035280a374a","default","","96c20d6a-0732-4096-bf0b-7112d1962517",\N,\N,"freeform"
"24520f45-1775-4c09-973b-d355a974b9a7","flow-state","Opp","4ac944a6-feb2-4e47-8c0c-8581c819ecc6","2834cf9f-45f4-4643-b259-5cbe723185d8","ae6bf6da-ed60-462f-a4a2-4349b2fd8a0b","select-one"
"2646b1b9-3382-4465-a100-b6c9a32b10e0","default","","0832aae3-dd66-46a7-a163-8ba8fe6235c9",\N,\N,"freeform"
"266691c5-b232-4b34-bc85-974601bc69c3","callout-display-location","CONTRIBUTE_1","2e35a75a-7fa5-41fe-952e-3fbfba14d1d9","eebba823-3ab5-4550-8657-708664bc4525","b387be23-e76c-4cfc-b98b-35af7962998e","select-one"
"26f7310b-1fca-479f-b749-358aaafd5510","default","","a07c45d1-342f-4332-a58a-9d61a9b78980","58de0e83-a12e-4537-85b5-b890b5c23c90",\N,"freeform"
"276699c6-fc20-4c3b-b822-64ab6ed91a84","skills","","36b26b2b-fe4a-4350-9f4c-63c741a04a5e","4f2a550a-d7bd-4608-aa10-e5ba9d6f8d5f",\N,"freeform"
"27ba9581-589b-4815-b3d9-89d1660abdab","default","","32d953fa-ae5e-4fe3-9c03-80be4ae2591e","8e71560e-e7b5-46d9-a047-3168fe2c4706",\N,"freeform"
"2852360a-e563-4cb9-b52e-bd3bbf30f472","default","","56695577-3e37-4e08-a963-11fc8dec3d39","396093a9-1537-4082-921d-4fa0bfdb930a",\N,"freeform"
"29258673-74ba-4fd7-87f1-88d1e34cdeb7","flow-state","Opp","33587579-fb99-46a1-9ce8-ddb68d2ba184","b4e2294f-5008-4b00-baea-2aff45880365","ae6bf6da-ed60-462f-a4a2-4349b2fd8a0b","select-one"
"2aef86cd-10b9-4ee7-a37c-7e44d1caeda7","default","","e4d0041c-2238-4981-9943-e15f5e0484d4","abac57d9-0abd-49be-8d2d-0279199984f8",\N,"freeform"
"2afb4806-1c6c-4875-9454-5233b4d2da43","default","","4462ac51-37ad-4345-8a56-d52a2d99ffdd",\N,\N,"freeform"
"2d30354c-19ae-4549-94e7-c4e9f570bfca","default","","40ccc96f-89f0-4ed1-9680-33cdf5eee42f","eaf218e5-6f26-4435-9afd-96d344c78346",\N,"freeform"
"2d3cea41-fa91-4eae-8165-38a309e0ef78","default","","c7494fdd-c30e-4006-8baa-2bccbb518403",\N,\N,"freeform"
"2d6fbdf0-32af-49dc-b7af-0744f0012b14","default","","75d84f28-71e4-4123-a674-f8f7541fd199","7834a149-b503-4d90-af37-e14e19124609",\N,"freeform"
"2de7a441-a515-46d2-9477-630181037b55","default","","7d57a20d-c8f0-41f0-99c4-ba975f36b689","b7eb8e2e-31e7-44fc-828b-6fd4624a6a9a",\N,"freeform"
"2e3ba872-fab9-4331-848a-a9e8ed10ec4a","default","","01538215-83b4-402e-9195-6fba81dbe0da","151bdb3c-9781-4770-8446-ce2c1e69f0bd",\N,"freeform"
"2e9870da-07eb-4bb7-8119-cd0b07d59c35","default","","391c9b5d-b8ed-4ad2-a87b-6d1dd5f5065f","0ba0cee7-6481-4d5c-91e4-70655886b398",\N,"freeform"
"2ed39f38-78f1-40cb-a0e8-aa3448bab4f8","default","introduce,your,self","498317d8-4c19-4bbb-b0ff-ad8fdbe403d1","4767842a-6b21-44bb-96a1-8d39c34cf070",\N,"freeform"
"2ede95e8-9338-4e24-a9c7-16fd0fa2313a","flow-state","Opp","7284e8c3-9236-4d8c-8cf0-d5bf32caf27c","67aae0ec-ce79-41c6-9507-09be52cf1a48","ae6bf6da-ed60-462f-a4a2-4349b2fd8a0b","select-one"
"300e51f4-2e22-428c-a118-ed8a3e786b8f","flow-state","Voorbereiden","d5978110-0614-4f9c-98f8-b384c3089cf7","1ed054d1-77f0-46b0-bda0-263b1a846039","de703a3b-7e10-49c4-958e-d084a528a725","select-one"
"302fe3d7-fc08-4cc3-96c4-27d318fd1920","callout-display-location","KNOWLEDGE","6631610e-cdcd-482e-83b3-1314a7616259","9c1d8e54-b746-480d-9baa-729caf8b5ea1","c89c2ec4-ae65-4dff-b14b-027515904c89","select-one"
"3067ec0a-cf9f-4c7b-8712-bf041d3f58dc","callout-display-location","CONTRIBUTE_2","434d0a3a-7dad-46ab-9f61-1ff1870d4190","7d45deac-6696-427e-920b-b8390cb052a3","6a5e917c-b354-490e-a5f0-f34f44cd8e79","select-one"
"307359e6-326d-4773-91bd-843dfbd834bc","default","","431a6ad7-08b1-452c-9829-20091ca95fc6","457b5a37-ee2f-44a2-929e-c5983a37bc33",\N,"freeform"
"30cdef62-a923-4d89-befe-c52462b603e1","default","last,state,whiteboards,right","a48550b7-5083-49e9-9efe-55a3fcff166c","4f9057db-4955-4b4b-b7fc-0b3637692867",\N,"freeform"
"313fa41a-315d-4683-a6fc-cb2d2aae98dc","default","","fded77a3-ee62-42e4-a019-81302876686d","7b5df131-7d01-434b-97a4-87a3cbfc876b",\N,"freeform"
"31985501-2bf2-402f-8ab2-ad882113842e","default","","d131ffcf-449c-4b73-a9d4-f715d7fb5cca","3819de59-4816-45e5-9e92-0cc82c209074",\N,"freeform"
"31edf5a6-a6bb-48b3-b380-bc5128045194","callout-display-location","CONTRIBUTE_1","93263ddf-3362-4ec7-9a89-7a4bd44d0a78","750e3f5c-5798-45d8-b9b3-dfb2c49092d4","6a5e917c-b354-490e-a5f0-f34f44cd8e79","select-one"
"32d9cfe1-fefd-479f-b823-f88eeb73aedd","default","","02db2d12-8f8b-4702-9711-a2a909901c8d",\N,\N,"freeform"
"32dbabdd-439d-40d3-86a2-d999560f3d62","flow-state","Voorbereiden","71583d94-2498-4213-8119-f814b1457317","3819de59-4816-45e5-9e92-0cc82c209074","de703a3b-7e10-49c4-958e-d084a528a725","select-one"
"32e85ade-fef8-4111-b700-54aef88e59f5","default","","4f2d892a-e672-4fe9-ab01-fec13860cf44","8ef6a50d-61f8-43cf-99d4-87e8e5775cdf",\N,"freeform"
"32fc8021-0c3e-47a4-a14d-b08f43a5ae16","callout-display-location","CONTRIBUTE_2","dcfa1776-c28f-450b-86cf-a6312b2ff4de","811fb257-7bdc-49df-b4fe-411b60ee04be","b8025a13-cf6a-4538-8b64-612bf10daaa1","select-one"
"33983795-11b1-48f9-8dd6-0bfeb370de5b","callout-display-location","COMMUNITY_1","a12c9c6e-abca-4095-aeda-b011840f9d51","e16f13bf-8922-4391-b738-7d8a2c8ab378","1cbb9756-3544-43ec-acdf-71d6254aa679","select-one"
"33ecd3a0-7f30-4515-a06c-820b9e75bfca","flow-state","Exploreren","9bd7c1f5-e66b-4935-b5e5-595d6518e023","49e9451c-57f6-43df-8558-10b12455eac8","5c397620-8d2b-428d-ba5a-15d44399ba2c","select-one"
"33f416cf-d60e-42d3-8cc3-d96dc9d54473","default","introduce,your,self","960938dc-8ba7-4977-9b39-6716a6c8e718","ead6304a-6cca-4a3c-9247-ba1fa69e3212",\N,"freeform"
"3503eea9-a055-45e9-b95c-aa0fe8c75f67","callout-display-location","CONTRIBUTE_1","c7f68bbd-955a-45e4-b09f-b6c1ccef8ae0","d4ce14ef-f15d-4d72-8379-1aaf4729bfc9","3c4fa741-c298-48a2-9602-0d63e1ad72ac","select-one"
"35d13e9f-5971-411d-aec5-f1bea76ff8fc","callout-display-location","KNOWLEDGE","2f728813-c59c-447a-97d7-3c22f4d18266","8ef6a50d-61f8-43cf-99d4-87e8e5775cdf","70019eb0-3006-4e40-a5ed-d3d546a58afe","select-one"
"36a2bb4e-d87f-4f49-ba7c-2df3f869b310","flow-state","Parkeren","da2d625a-5bff-4d8a-ac27-046dadead1e0","adcdfcea-a476-479d-878e-16fbfb13c203","2b42bcda-6ab2-4953-939f-225a94da5a46","select-one"
"3716f8fc-69f2-4336-8d88-25c474383921","default","","a83a737d-86d7-4b48-8f19-63b323e9d449","f7381559-e673-4fee-a06b-a462bca20c22",\N,"freeform"
"3784f88b-480a-4315-8ece-aef6b3061700","default","","c2b9e268-6029-42c5-b6aa-ca8363088a2b","c85fabfe-8420-4329-9712-22522391d46c",\N,"freeform"
"37c54c0a-74c3-4bd8-9654-d670a63eb142","default","","c90cdff2-fd03-449e-85af-3afe2cd179c4","cc25193b-11a9-4b63-ad1e-312ee30a253e",\N,"freeform"
"38b566ee-239c-447e-b706-1e26cd4a226f","default","","d02cf515-f703-480c-8dee-8bfb9411b773",\N,\N,"freeform"
"3982beec-f093-42de-b6ab-c5e433cea2ab","keywords","","9670b3c4-4a70-40e1-a163-055853511c5a","08aa04ab-fb7c-4412-ae2f-3072b04289b4",\N,"freeform"
"3a707795-44a8-4d3a-9cfb-8ebf72c51c21","default","","3e93b595-c3e3-4f59-acf8-7e083468d46d","49475f60-0ca5-4801-a626-30bee52d0826",\N,"freeform"
"3a752b41-db7c-4369-a90a-ecc5ec4b46fc","default","","3fbe0bd4-2121-419b-84c1-551ca18d0385","b3c3599a-ce06-490c-9e45-2e3ffff3bd06",\N,"freeform"
"3ac18c20-3aed-403b-bf41-fa6bb56d4d08","callout-display-location","CONTRIBUTE_1","35c5e914-5ca1-41c3-88c2-afcda015543e","2d4f7fba-eaad-4567-997b-13b1ce624b95","d749bfdd-a6f1-42b1-b5cf-44c984a5b6b2","select-one"
"3b1d6f87-2dae-4144-89dc-0540e06efa06","default","Opportunity-Definieren","6bb6d8da-b98b-475f-8fba-571c9722e4e6","3e31dd6e-4fa4-4c63-a700-47b1ccb2fc56",\N,"freeform"
"3b8f50a7-636a-4e3a-8493-26d4f6159398","default","test,whiteboard 2","77aa5145-4d7e-4927-9701-d1c38efc5ae0","5221fa5f-bc6c-40ee-b482-38dd769be76f",\N,"freeform"
"3c38bd78-21b2-4a64-b73d-8b815fd0923c","default","test,whiteboard","079f391b-dbc7-45f0-8d8c-426326958d24","09c23718-f5fe-4f91-aa7a-ed7a857ad579",\N,"freeform"
"3c69547e-06dc-4b39-a893-43fe22805b47","callout-display-location","CONTRIBUTE_2","f1d2357d-4da3-44ea-8660-3315ef859cd6","2f3d6a7f-3068-4232-ae17-e5a46a0fb502","b8025a13-cf6a-4538-8b64-612bf10daaa1","select-one"
"3c7aacf4-6335-4289-b8c7-807c0bf6540e","default","test","e626fd6f-dc0d-447d-a7d8-58f37e9b97fc","5adfbf73-4772-485a-b3b6-b255be60f9bb",\N,"freeform"
"3c949805-877b-4c8c-9786-8ca101aee3b1","default","","263e4a9b-3980-4fcb-bfd6-b3b517c13e84",\N,\N,"freeform"
"3cc5f950-daaa-4431-8651-73504f04a0a9","default","","6144efd0-e2bd-4b05-a888-eef5c5421f04",\N,\N,"freeform"
"3ceceb12-7e09-47fa-9a9d-bb07c2320bdf","default","","994cd706-87a0-4b9c-b9e2-5ba127a0c0ff",\N,\N,"freeform"
"3d3d5ad7-7a3b-4922-bfba-18f6242120ef","flow-state","Definiëren","83a5dfca-78c0-4adc-a6f0-3bc8a6be6df1","92cd701f-e9b2-4fcd-9cb5-dcd3b28499d1","2b42bcda-6ab2-4953-939f-225a94da5a46","select-one"
"3d6c8825-8f9b-41da-9feb-8ab7f86f5d09","default","","a89a4ea7-f1d8-4188-b3ae-b8456fea1501","879981aa-2bec-49df-b62e-c8bc9ed35a19",\N,"freeform"
"3d948bcf-d3c4-4df5-9093-2a9f458bc74f","default","","ad684e14-5aa6-49c3-9d23-9b35fd06a418","abb1b7a6-4c0b-4f8f-9003-166e6107855c",\N,"freeform"
"3e1eeaa9-b8e9-43af-847e-95ef3258450c","default","","9718953b-64b6-4ef1-ba67-b0dc18db73ae",\N,\N,"freeform"
"3ed7d40e-6f32-4646-980c-4bb5defa409d","default","","c458dde9-f971-4069-ac7e-19e5ef29cb0c","be2e9721-21f6-4a80-90cc-62cf10dafea9",\N,"freeform"
"3f45b288-a5a9-4eb5-9e5a-48a2e8d3e443","default","Opportunity,private,challenge","0f6e8a9a-9e63-45e9-af84-6072563abd4a","4bed834e-e69a-48d7-9d2a-de06b850f593",\N,"freeform"
"3f78ccdb-5da3-4e2a-b88e-f4807f8a517e","default","","1c008626-2e93-4bee-87dd-c1c020688168",\N,\N,"freeform"
"3f80844d-5665-4188-a9a3-db4c9416f8a5","callout-display-location","KNOWLEDGE","70824b60-2c47-4ae4-81f7-5ef5a1c7b34a","c6b4d4c9-f259-46cc-a485-0f9394e9caa9","5c02202b-7d6f-422d-8076-6ce72f212645","select-one"
"3fed332a-3b22-46aa-920f-6044773321ec","default","","a678b2ba-6d38-4e6b-80bc-8aecb734cf9b",\N,\N,"freeform"
"4036d226-0d05-46cc-9977-cd00707b6db2","default","test","b4b86c45-c8e5-4350-a77b-628f80dcfe74","5cdd6274-d1c1-4a8e-936f-5352a541dae8",\N,"freeform"
"40fd7aa7-9ead-44e5-b9c2-09f1f30b2025","default","Opportunity,archived,space","6d57b6e5-d545-445e-8a26-bd402c86cbbb","3b51a070-c9bf-4f32-a8e9-e09a12712e57",\N,"freeform"
"41e83096-0f2a-42e0-94d0-8364711a0908","default","Opp-Exploreren","c170b959-95ed-47a4-bf13-8776ee463af0","2b594532-12e9-4ad0-97e1-e6315bee4e98",\N,"freeform"
"42b0a255-9415-4123-bcb7-42543936472e","default","","bd1ba546-3873-46ec-9042-5b65b02a8edf","563c3917-efd1-4350-a088-ca2376c7631b",\N,"freeform"
"43408da2-7a06-4030-96ab-89ff92127561","callout-display-location","CONTRIBUTE_2","c0bc311f-2cda-49e8-a086-c69016cbc036","7b5df131-7d01-434b-97a4-87a3cbfc876b","3c4fa741-c298-48a2-9602-0d63e1ad72ac","select-one"
"435aea84-9f82-4243-99bb-eab71cc605fb","default","","3da10870-b3ba-4465-bc64-26fd2fe501e9","69be74e3-5717-4bb9-8420-dcd1486ca610",\N,"freeform"
"43a5a58a-cdee-4eb0-b3a8-02e566013fbb","flow-state","Definiëren","817a9519-cdf1-445f-8587-67f3f4e13a78","dd3712b3-f550-4baa-af05-bf323878d278","2b42bcda-6ab2-4953-939f-225a94da5a46","select-one"
"44be0ae7-aaee-4317-b25a-79c180912304","default","","946e7334-b5e1-4b09-b346-d8b2d3cc87b7","afe2fb5e-bbb3-4b47-874f-43893502b564",\N,"freeform"
"4509fd30-0b46-43f4-bbfc-bd275e4c6e8a","flow-state","Definiëren","08077a37-1f32-48e9-88b5-20f8b9ba3d54","9f26592c-1971-41fc-bed0-f3dcf6b1d66a","ae6bf6da-ed60-462f-a4a2-4349b2fd8a0b","select-one"
"4537a4af-e7ad-4346-94c5-da36fd34b11b","default","","af9e8749-63c8-41f2-8b9b-0d2e05acfbd4","bf7b21a1-a46f-4a48-838b-76dd2ec4a9e8",\N,"freeform"
"454f95a5-9d53-43bc-8f79-817d102992f5","callout-display-location","KNOWLEDGE","621e5f51-b927-4e0b-9f3e-eb3f74c32804","55294bed-ecfa-401d-86bf-f5f80ad605a6","1cbb9756-3544-43ec-acdf-71d6254aa679","select-one"
"45c04ea7-9b8f-4f99-b211-3651d943fb65","default","","932fd4f0-2b74-475c-832c-69bd1f3c5868","eb68aa29-1087-4c37-b189-ecf4e15ae265",\N,"freeform"
"45f28885-61c7-4166-b0ea-5ec88947aec6","keywords","Organization,keyword,one","9c2bf7f3-4ed0-4995-aa1e-fbcf58669839","8ef34990-f917-4bd9-9b56-16e34d0f6129",\N,"freeform"
"4605b214-ba0c-40df-8d7a-061dfa528fbe","default","Opp-Exploreren","f4324ce8-7901-4bf4-8a0d-4b58dbd514c7","4172f66b-1662-47a0-a639-15ad226305de",\N,"freeform"
"46f7d034-9406-4a49-8d56-726046ac9b88","callout-display-location","CONTRIBUTE_1","84b66218-c8f3-47fb-a381-652cd648260a","b6bb5dac-f10a-4618-ad72-528174222915","6a5e917c-b354-490e-a5f0-f34f44cd8e79","select-one"
"4985c750-7e1d-4abb-9b59-e595d0225ecc","default","","c9a298ac-30c9-4694-b5c4-765c4199ffd9","9d65da96-4d0b-4b61-8286-712461d1bc2c",\N,"freeform"
"4adda028-922f-44c5-89eb-d03553065209","callout-display-location","HOME_2","1c1d11c9-778c-48e4-af2f-828d89b07314","cc1b500d-f828-4e9b-b7bc-c8f6796bcc65","6a5e917c-b354-490e-a5f0-f34f44cd8e79","select-one"
"4b8ebd25-37d7-48ca-8dc6-ab43c7722305","default","","cdb17e95-8b2b-4b2c-9763-ddd76d6b56c5","4db6ed9a-4888-45ac-9099-065683180a3f",\N,"freeform"
"4c57c405-762e-4930-86b8-a10bb713eec8","default","","0eeadf6b-b240-4694-babd-bcd8e92b664b","2834cf9f-45f4-4643-b259-5cbe723185d8",\N,"freeform"
"4c8a6e49-f0b3-4f8d-b403-5c3d24074ff5","callout-display-location","CONTRIBUTE_1","e8cd6a73-f34c-489f-b530-5882362438a5","ae78bc05-fb1b-4dd0-9d1e-507effc013ce","b8025a13-cf6a-4538-8b64-612bf10daaa1","select-one"
"4db25874-73b3-4db3-a9e2-5a13fa6af06c","default","","dec4a093-3957-4bbc-8e64-e3b216e96e8f",\N,\N,"freeform"
"4e2bffd5-48c2-4ba0-a96b-305aeb6948b6","default","2nd,state,call,posts,right","986cd76e-6a2f-4db5-b2ff-b4ecf1e573c2","bbf333d5-b219-4ceb-b53d-c47afa9fa2d7",\N,"freeform"
"4e78d97b-4005-4909-83e0-6f3972c5be73","default","","884dcbba-5b62-4230-be7d-a2df964b0b75","f9da0a4a-eb8a-456b-a93e-13ce5aa448e7",\N,"freeform"
"506a62af-a8ac-4a74-9560-1c2e3eb81c06","callout-display-location","HOME_2","c9d7faf8-fd42-476b-957e-72f4e812a03e","49e9451c-57f6-43df-8558-10b12455eac8","b8025a13-cf6a-4538-8b64-612bf10daaa1","select-one"
"50b894c8-452c-42db-a95c-cb4963e3cb19","callout-display-location","CONTRIBUTE_2","e82e64a6-519f-4790-aba6-812497f5dbf9","98fb536c-7d57-424a-a5d9-c88d3b3cb4aa","6a5e917c-b354-490e-a5f0-f34f44cd8e79","select-one"
"50bab1d1-e97c-45db-96cb-e2f11a6ca8fd","callout-display-location","CONTRIBUTE_2","a17dd5c9-9f5e-495f-99ca-1631d61e6ea3","563c3917-efd1-4350-a088-ca2376c7631b","2d51968d-045b-44d2-9b2d-6cea57f5909a","select-one"
"50e90de1-e22a-4084-a94e-6512b4f69b9c","default","","4899ace7-3dd5-40f3-8c05-3dfb91d271e9","ed9b264c-bea6-4715-ac86-05fc0c872a06",\N,"freeform"
"51061b7f-8f41-4a7a-a6dd-df152d12e7a0","callout-display-location","KNOWLEDGE","32d0bbc8-3d39-4921-983c-1e1be9bc0e64","58de0e83-a12e-4537-85b5-b890b5c23c90","c89c2ec4-ae65-4dff-b14b-027515904c89","select-one"
"510ced0c-d1db-4a37-9752-bd48db72cc99","flow-state","Definiëren","8886dca4-5cca-4904-a7a1-12c39c35b145","ef2e4c6c-2120-411e-aadd-861c6bcefbd6","ae6bf6da-ed60-462f-a4a2-4349b2fd8a0b","select-one"
"515b4dbe-8171-468a-9b94-3f3bf0e2bdb6","flow-state","Opp","e0aff943-df26-476d-953f-3d56999db277","f9da0a4a-eb8a-456b-a93e-13ce5aa448e7","9fb30137-2005-40e1-8bf3-dc6c49abef01","select-one"
"522e3718-ad6c-49fb-8b23-b78eba60b522","default","","5a2ef64e-d3e0-4afe-996b-bda25016a6db","9c1d8e54-b746-480d-9baa-729caf8b5ea1",\N,"freeform"
"52697f65-a1d9-4434-889b-93a26976a397","callout-display-location","COMMUNITY_2","fb6c7aa2-6186-467a-b59a-9047ea982666","5adfbf73-4772-485a-b3b6-b255be60f9bb","5c02202b-7d6f-422d-8076-6ce72f212645","select-one"
"52ae755e-69a0-4ee9-9c69-54ad74e02858","default","","87d6ee02-421b-47e0-b24a-49b46ecd42c5","a7ca01bd-f4e9-4273-861f-1c64cb3aa57a",\N,"freeform"
"53c6a253-218d-4ec9-9285-fb33bbbc7321","default","","66bcdc90-37cb-4e5a-b1c9-8d7a21781847","c9a0b001-b63b-4925-b392-730ff4651be9",\N,"freeform"
"53f68dc4-1341-4d45-a0fd-da2591407325","default","","817f4e2e-6ec3-4519-b53b-c63e1dc92df4","16fc1c40-af83-449f-a949-180c4cfdc555",\N,"freeform"
"542b53dc-7f72-4114-a316-3b25c1bc7359","default","","28c50e96-4b75-43d7-b5b3-9a444a4b5908","04c33fdd-685b-4c79-bd98-09062361e822",\N,"freeform"
"5568d158-d130-4bac-823a-ad95009fdad2","flow-state","Parkeren","47ce2090-3cf1-47a8-9881-acba64ee7253","47b70d06-c6cc-4c54-8d2b-1952d4c8aaca","2b42bcda-6ab2-4953-939f-225a94da5a46","select-one"
"556be515-f080-420b-9570-20eff11ac954","default","","61cf35ff-0d1c-4e2b-84fa-a62fbd2da6c6",\N,\N,"freeform"
"5572c008-9627-438c-a327-3ab07c91016d","default","","64538f18-6fa9-4bf2-9664-191478128848","52aff2eb-c410-4050-9510-578d260cc293",\N,"freeform"
"55b1a73b-8453-4205-a069-9076b534d7ce","callout-display-location","KNOWLEDGE","9851b982-aaa4-4ab1-9dfc-30a68ef7f19f","eff91eb2-a4a5-4a84-92be-ae43c5a42fa2","1cbb9756-3544-43ec-acdf-71d6254aa679","select-one"
"55cbdc79-9e1e-4469-948d-e4d7a64cb964","default","","8fa7fab4-4827-4384-bce8-a1985f0a0967","ce59be51-22bf-45e3-bf5f-c7f4ac4483d8",\N,"freeform"
"55e22ea3-a580-4a75-9a96-304fb6ba19e4","flow-state","Voorbereiden","bccda465-8818-499a-aa73-33f2f825b117","cdd44571-2c72-48ee-bb75-06c5558d6401","de703a3b-7e10-49c4-958e-d084a528a725","select-one"
"56532f6e-7f50-408c-87cd-250e3fbe1ac5","callout-display-location","HOME_0","3300e05e-f98c-43e7-b994-831245f876bb","dd3712b3-f550-4baa-af05-bf323878d278","2d51968d-045b-44d2-9b2d-6cea57f5909a","select-one"
"568a9446-0716-4764-b04a-2693b36a9c19","flow-state","Opp","ff612f0d-6f60-46b3-ada5-aa7b0cd0a7b4","d7f97115-1e48-41cd-a463-0186dd6aacba","ae6bf6da-ed60-462f-a4a2-4349b2fd8a0b","select-one"
"56aa6b8d-b264-4de5-86b4-132e6a4d222c","default","","fcbefb38-0e3e-4547-b79f-16c8258b416f","31b4d927-f7e0-4789-9daa-ace974c5eab1",\N,"freeform"
"56eedf3c-e92d-4bcc-8f45-e6738b20d176","default","post,dashboard,left","3c86b3f0-ee50-4b83-ba74-2789d7f3617d","67aae0ec-ce79-41c6-9507-09be52cf1a48",\N,"freeform"
"57316d1d-5b50-4fec-a35f-8843665b7e17","default","Private,challenge","9a859234-7a8d-483e-aa9a-99058e28e41a","065260f1-59ca-4868-8591-e300e85d15ef",\N,"freeform"
"57485387-49a2-42e6-955d-4334f51a3d45","callout-display-location","HOME_2","3ab6deaa-c6f1-4d7c-a82e-aff0c553a71f","923dc3bb-3192-4d4d-85c6-417b30d27e72","c5ccc6af-c437-4689-bd79-b0fc68e72c43","select-one"
"57af02db-3532-451b-907f-1f46d779ef98","default","","2a04d00f-5102-424a-a3c5-adb2f729d12c",\N,\N,"freeform"
"58580f75-481a-4ca7-be03-559423f6582e","default","","574e399f-8b52-40c3-affa-f4007cdc8585","a7631132-bfe2-49e2-8991-28b8d8fe7500",\N,"freeform"
"58b659bf-9cf9-426b-9659-e04663c989bd","default","collection,links,community,left","95c3160b-6023-4052-bfa0-da759485bd07","6f903295-cb2b-4b13-a755-2bb65e3e6c07",\N,"freeform"
"58fc8ff0-17c9-4817-9b08-734f9cb9886f","callout-display-location","CONTRIBUTE_2","ed5d1bdc-f2da-4c6a-9f7f-4d3f6a72914f","2159f10d-ec15-42a7-9859-b1c34432cd28","b8025a13-cf6a-4538-8b64-612bf10daaa1","select-one"
"591715ed-777d-49a2-a379-73667c9e8219","default","","f930e3da-63b8-4ec1-9fc0-a843753a37d8","cefb99d1-2c79-47c8-a369-fe7057ed070d",\N,"freeform"
"598c8d7e-7a3b-4136-9f6b-98df4379e109","default","","2251dca3-a6e8-49df-8a8a-cacbd0121618","aa09d76d-7739-4310-b9d9-d44560fd751d",\N,"freeform"
"5a983c35-f28d-414e-b417-01ceb0fb94a3","default","","e1e69293-6938-47e7-aba6-806c4453f75b","02ded188-8221-42e2-a7e3-a7c9b7314b79",\N,"freeform"
"5af4b0df-6f1b-4240-b535-b98e03334f2f","flow-state","Opp","4ad097ce-e451-4d58-ba5f-d5523b024cc2","b7ba2617-91eb-4d98-abc9-777624f1bb82","c34e023e-890a-4c8b-aedd-68260b41ee27","select-one"
"5afec2e0-ba73-4308-9c2f-4e272d03503c","default","","b5d0a7e6-1e0b-4e18-9043-c712e0783fbf","8f0cc9cd-d993-47aa-bc38-21cc26d7ce0c",\N,"freeform"
"5b189003-fb4f-4148-889e-0ffb4ba29976","default","post,callout,challenges,right","55277e7c-2575-4015-bf17-a904aa813993","f2a11a53-2b3d-4ea0-a6bc-b2af8287e685",\N,"freeform"
"5ba98519-12b4-49cf-9708-b9cd33a88965","default","2nd,state,call,posts,right","54885b4a-4450-48c1-93fd-7f057051e85a","17e993fa-3da2-4dee-b1c0-705865ac6b09",\N,"freeform"
"5c422eeb-90cc-4731-979f-549ec1ed0832","default","","6ef6a3e3-85a7-4189-86d0-422cc5dc2cd6",\N,\N,"freeform"
"5c5dab48-6cc0-4dc6-91ab-88b1c4d1609a","default","","60789aa7-17ee-4adb-8b98-88fcb064063d","eb499a0e-ea1e-48b6-90a3-3db64a39685e",\N,"freeform"
"5c776c24-ec30-4e6d-9c24-80554f001317","callout-display-location","CONTRIBUTE_1","d7dfe913-223b-4ea1-b977-f1b5f74034a9","b4e2294f-5008-4b00-baea-2aff45880365","6a5e917c-b354-490e-a5f0-f34f44cd8e79","select-one"
"5d129322-c3bf-444a-90d7-4d57887a7c3e","default","","c022a9c0-434a-4cb3-b2bb-ffc9f8df3073",\N,\N,"freeform"
"5d3f8347-2aba-4c15-b61c-9ffa0232fd8b","default","test,whiteboard 3","af3e1c79-6726-4639-a5ed-6f8471b9b4ee","bb67c6fb-a800-4ae3-bcc8-2dc016a348c1",\N,"freeform"
"5dedb8a1-55ba-4758-a182-cbbba3f55c6a","default","","51671d44-9fd7-43bc-a49e-019d52d64c94","a051ae80-9c93-40fa-a191-4cb93f8948da",\N,"freeform"
"5e5e1358-1369-4c07-91ee-f565ea670848","callout-display-location","CONTRIBUTE_2","a8e86fb4-7dd4-4117-9914-47ae656dc6db","d7f97115-1e48-41cd-a463-0186dd6aacba","6a5e917c-b354-490e-a5f0-f34f44cd8e79","select-one"
"5f8faae9-fe99-4680-a654-686e7cce1c84","default","","22a32922-53d3-40f2-9b19-cdd5efe7704e","ce650212-f555-40dc-a2f8-cd70408f5431",\N,"freeform"
"5fcf5913-8070-4241-950e-09b73fc51f7e","default","","a502693a-a809-4685-a938-6ce04827a21b","d241bc62-fe43-4b15-b54d-6aed5bf4dc42",\N,"freeform"
"6099c217-4e58-47a1-9fba-c7086a040a33","default","whiteboard,dashboard,right","65a6ead8-eef3-4fab-82d4-4426ed705f07","4cd52cba-61f2-4a06-9173-2fa0e6f6d103",\N,"freeform"
"60a803b1-f2b8-4998-9e11-be12652fb58f","flow-state","Exploreren","a6f6394c-8757-4702-85c6-5170d52e3597","17868a60-6791-4f4c-a930-f9d33c2de7ac","5c397620-8d2b-428d-ba5a-15d44399ba2c","select-one"
"616764eb-fe1a-4480-853b-b1999192d958","callout-display-location","CONTRIBUTE_1","0241df71-43f6-4934-97f7-b3a7e9ce3705","098c0abb-ac30-475a-b5ff-8e7a0857e600","6a5e917c-b354-490e-a5f0-f34f44cd8e79","select-one"
"6220facc-5d78-46c4-87e9-5a35809f3682","callout-display-location","CONTRIBUTE_1","19613482-b66d-4434-88bb-dfd6564648f8","9736a1b7-04e1-4f0d-8795-ecd45152c240","c5ccc6af-c437-4689-bd79-b0fc68e72c43","select-one"
"624b8e23-0599-4b29-a261-a9d2b2752e6e","default","","67fc1818-2fd1-4644-b69e-799bfa77026c","be3c8062-a9c8-4914-b4dd-37bebde9abf4",\N,"freeform"
"625b4d4e-4fd1-4e7f-b2e7-04b50ccccb1a","callout-display-location","CONTRIBUTE_2","5b2cc361-28d1-4653-8571-6199fbc6ac17","bbf333d5-b219-4ceb-b53d-c47afa9fa2d7","6a5e917c-b354-490e-a5f0-f34f44cd8e79","select-one"
"629f3601-ce3b-4a94-9b5d-cb7e9e56d30a","default","","449bb152-f201-495d-8f65-f0296f232803",\N,\N,"freeform"
"62c306d1-2272-4ee6-9d7b-aca7b0e3d4e9","default","last,state,call,posts,right","6e2b955d-ed65-40de-8854-8a082abf24ad","67361674-16cc-46df-ad2b-911778ecf407",\N,"freeform"
"62f896a7-2f56-49a6-b183-78ec62a4ca38","default","","85a3181a-528e-4ed3-b3c8-d509e5d3700b",\N,\N,"freeform"
"630e5fd5-ea51-425f-8276-ee9d05a49b34","default","","65ee6fd7-f9a7-4378-b919-d12257ca547e",\N,\N,"freeform"
"637940df-cbbc-46a8-b7c0-45621cd31ace","callout-display-location","HOME_0","ff42bbb3-c524-471d-8302-df05379860f0","b7ba2617-91eb-4d98-abc9-777624f1bb82","d749bfdd-a6f1-42b1-b5cf-44c984a5b6b2","select-one"
"63fd4e8f-5961-4e1a-8f9f-e0f6fb572b24","default","","c73c6e86-51d4-4ec3-826b-73daf241053d","f17c1762-ce1c-4269-8ecf-73f2da17251d",\N,"freeform"
"65c01375-4121-48f1-b3bf-848d87bb8390","default","","e56a4fb7-6578-471a-9a9b-c32104f36bf3",\N,\N,"freeform"
"663b89ef-1337-412b-bbb4-a904b4942fcc","default","demo space","4fb5854f-bdb4-4005-973a-4ce101dc1bf9","f8b400aa-9c07-4437-9a1f-b0f32f7b404b",\N,"freeform"
"664a4171-da81-4eb0-89ed-d0950a91f4db","default","","e32c52b4-ae84-47b1-accb-efd232515584","153b48dc-c3cb-471d-a992-3d45f904f3bf",\N,"freeform"
"667beea5-90b7-496b-9329-69d812031ca9","default","","643e8fc0-43a4-4cc8-b51f-4dc8dc1d67bf","3ec3e6f4-7a67-4de8-9cb7-ba2a6e5df792",\N,"freeform"
"66f548bc-a442-4175-9024-a85b6698dd7d","default","","524f543d-fe20-4f1b-98d6-657757cd7c54","780b252e-4338-4641-b683-2ba1dad58bbc",\N,"freeform"
"6789d31f-d4ef-49cc-9596-6996fdb7c382","default","agile,user story","3c5c61c9-b81b-4140-a56d-41ac6cd0e6d7","9e4943b3-0b4d-466f-9fda-6638cd6f6054",\N,"freeform"
"6a11e807-e387-4463-a628-06936d2be712","default","","95651a67-bd42-4032-a7e4-7798955f356b","1f5c603a-41a3-4c8b-821c-419d2b31591d",\N,"freeform"
"6a649022-b7aa-4941-a7f5-c98255a89dcc","callout-display-location","HOME_2","da349834-febd-495a-bc37-a1d3622bb0cc","4cd52cba-61f2-4a06-9173-2fa0e6f6d103","b8025a13-cf6a-4538-8b64-612bf10daaa1","select-one"
"6aa6098a-c43d-4c2d-a156-08cf05114afa","default","","c130569b-1148-4102-87e0-8e0d341f8be7","997e7f44-d54f-44ce-b800-1c8f98449ea4",\N,"freeform"
"6b011d34-5b44-4e71-8a73-0829d74dd8c8","default","test,whiteboard 2","48b61b46-8233-43b2-b0e4-0feb9760549d","aeb7c160-42a7-48b0-b935-6dec8a9c6f86",\N,"freeform"
"6b0d9c7a-063d-4e72-95b2-634b4d480c7c","default","","6ca499a7-d6e1-40eb-a0cc-9a593b80b763","ff6e23c5-655a-4fb6-bc9f-fad073131d50",\N,"freeform"
"6b57fff4-75a8-4702-bd00-00cb2b260452","default","","8078e556-5d80-4580-a5e0-eb70011c6ac5","a98e0f12-bd8c-4b27-8784-88f2cccc4b5c",\N,"freeform"
"6b80a92e-8c00-4b35-a8b0-ff4cc5a5b9bd","default","agile,user story","938c5212-9b7a-4d2c-a618-a1e7fe49903a","d71bec3a-1742-42bb-8e7c-69372aa2b1e7",\N,"freeform"
"6bd2d6e8-f682-416f-a626-c198a7df3272","default","","b2c7ea0f-aa89-4bd1-8b95-ae21001d2075",\N,\N,"freeform"
"6bf2543f-151e-43c0-a587-759ed03f628e","default","","304f1092-9ccb-4304-8353-717833487dc5",\N,\N,"freeform"
"6c4dba03-6223-4d50-ad2f-16503cdef8ea","callout-display-location","CONTRIBUTE_1","4c1b73c1-1ebc-437a-98fa-896db453c20d","e3014159-d7f6-4b1d-a95a-7566f6a9527d","b8025a13-cf6a-4538-8b64-612bf10daaa1","select-one"
"6ce21902-87d2-48de-a9c0-946fcc26301d","callout-display-location","HOME_0","a437836f-0702-4ddf-aa90-77c6a49f9bcd","b9f067af-d494-4693-be46-371ffe4fd261","5c894bcf-edd8-43ac-93a2-d5dc118d3634","select-one"
"6d3ae086-b614-4f59-a4f8-54502878444d","default","Archived,space","ee2c4466-1e11-4b34-8181-e81c27d31674","a71a8843-18bb-4a71-bc71-9f6d2b7d18d3",\N,"freeform"
"6e7964cf-c24e-4dad-84b5-bd54a7e3d4be","default","Opportunity-Definieren","db27eda2-b6c3-4a14-92af-832b0b96d850","63f799e6-e2f0-49b0-8e6e-1843b9fb5801",\N,"freeform"
"6e79f49a-790a-434c-93f3-169a9fb45686","flow-state","Voorbereiden","21ad0674-1d56-4453-b5fe-6fc408bf346c","f7381559-e673-4fee-a06b-a462bca20c22","13907ee6-01e0-4c74-948b-bc833617b7ef","select-one"
"6eb695c0-d621-4e3f-8909-b52ef31b5a2f","capabilities","organization2_legal_name,capavilities","a8ec0c60-dc55-4013-a7ed-ebfbe9690c92","b5f0fa6e-f61a-48a8-9882-7f87fd4385b5",\N,"freeform"
"6eba9cf9-7688-4e48-be83-fd1e2dbfbf70","default","","981cd796-6cd6-487f-992a-6491e5e5cb4e","a2d2d9a2-7bad-444b-aef2-8f2b1b920923",\N,"freeform"
"6ed34921-2e6a-45e7-9afc-5649c6664c9b","default","posts,Call","a16f0fb3-ee20-485b-8b5f-7cb199434561","aa17ffb4-ab1f-4cb6-94da-53520816ea50",\N,"freeform"
"6ed3f70b-793e-4c21-b1c5-ed4622f1ff0c","default","5th,state,call,posts,right,draft","246e037d-641e-4ac3-93a0-9024c79eb2f9","36727295-e464-48e4-9be2-1473a181d8a8",\N,"freeform"
"6f947540-0fe7-4ee3-b22d-c605d38b4223","default","whiteboard,opportunities,right","0137be8d-3759-4a56-b39e-b8036c4fd01c","99dd4b49-a75e-4ae7-ab2a-d3683d36bf8c",\N,"freeform"
"6fa601f0-5e19-4d7a-8742-afa8a988afe2","default","5th,state,collection,links,left","dd68bbf9-75da-4939-84ff-cff6160606e9","ae78bc05-fb1b-4dd0-9d1e-507effc013ce",\N,"freeform"
"706cb248-7fc1-4837-9d55-c4d0c657dc0a","default","3rd,state,call,post,right","94d6be4b-1b71-4260-b363-c839f43e0628","2159f10d-ec15-42a7-9859-b1c34432cd28",\N,"freeform"
"71cf4e1f-28b0-4f1d-97d7-746428ae64f0","callout-display-location","CONTRIBUTE_2","c6604c02-6693-4dad-8f33-ee3c32c18ecb","db6ff1f0-1199-4971-baff-431dbb2221eb","d749bfdd-a6f1-42b1-b5cf-44c984a5b6b2","select-one"
"72036239-6e60-4c83-a62d-fc8846795ffd","flow-state","Opp","30c74a0d-30d3-4462-adca-07b7212f636c","db6ff1f0-1199-4971-baff-431dbb2221eb","c34e023e-890a-4c8b-aedd-68260b41ee27","select-one"
"7254af5f-b397-4e35-93b0-3d4b876a4395","default","","c1269907-5cf2-4227-b9b5-f5b0eb4ab5f3",\N,\N,"freeform"
"72b5adee-fc14-409e-bf52-21629683dafb","default","","9c6eb46a-b1cb-409d-86fb-3d26abbf03c0","348b0d83-3d2b-459f-bea2-07656f3a66c3",\N,"freeform"
"735e8e11-e7a7-4b84-b8e3-53a09b5263f6","default","","cb9b0785-dd73-4534-806c-a6a3db10ad62","e38827e3-0fdb-47a7-8905-c8072fee30c6",\N,"freeform"
"7368905e-5e17-4a52-98a1-18973233f82e","skills","","49b26490-e983-4a7d-8d66-9cbfb8a16644","6a29a3c3-c120-4e2d-9dbc-84c895f3734d",\N,"freeform"
"73818678-d76e-4e34-bbc6-d704ce13ee59","callout-display-location","HOME_2","e544edef-a555-4a58-a3d3-16d9e47ecc0d","461162ab-5caa-46a3-ac33-b9e7a2b2261e","5c02202b-7d6f-422d-8076-6ce72f212645","select-one"
"73932045-5428-4cbb-b191-ec095b45f929","default","","28abdfbf-7cc1-4626-8dea-2432ebcdc22c","7071e09f-ec2c-4ac8-8d25-3f2e995958fb",\N,"freeform"
"7418547b-1655-4efb-bb2f-c9ad63ed8bb4","flow-state","Opp","f75f3c21-8191-4390-9e20-e07193dc4d3a","cc1b500d-f828-4e9b-b7bc-c8f6796bcc65","ae6bf6da-ed60-462f-a4a2-4349b2fd8a0b","select-one"
"74278295-1684-467d-ac1e-1262c906d4f1","default","","d237f6b7-9bfc-45e6-8caa-3922e5a3a705",\N,\N,"freeform"
"74611576-d86a-4fd2-a25c-8c22708cdde1","keywords","","746dd8bc-43f7-4f24-842b-9c22eab80b0e","4c4b2253-c8ba-42d7-92f2-309075fd2175",\N,"freeform"
"747dc225-ca5c-46aa-af7c-72567ad424f8","default","","e08279f5-3ce7-4093-9512-006be0c8f518","d94164d9-de5c-4d35-b227-28e5c97b2ed6",\N,"freeform"
"75773fee-7afb-46a0-af11-4a1e89d19dc3","default","","fd550b57-b88d-4ffd-9f60-6ffcae57ded7","0b664236-7b5c-4d36-ae0c-7148d3f5a56d",\N,"freeform"
"75ac9345-b41e-40e7-b54f-bff71c2eea57","flow-state","Definiëren","9da1a63c-3b1d-4147-a36b-de69bfe64984","e38827e3-0fdb-47a7-8905-c8072fee30c6","2b42bcda-6ab2-4953-939f-225a94da5a46","select-one"
"76b6f14e-d749-44f1-8da5-0faccd792323","default","","4daa09af-05ed-476e-adab-5c64452ea89a",\N,\N,"freeform"
"7714bf55-ac57-44b9-8175-b4f815b39b2e","default","Opp-Exploreren","f9880b49-123d-4477-a9f0-e640056c878f","6cf6ae25-82e2-46b2-b410-da42844dbd07",\N,"freeform"
"77231da3-9f85-4d1c-a040-b623bc863ac2","default","","bbafd6c7-c2a6-4d7c-a2f4-7727ff646aab",\N,\N,"freeform"
"7795027e-4e00-48c9-aa46-5dbafae8529d","default","","d4727c81-da37-4b68-8ffd-0951695e8685","37bcafa3-8341-40e4-9e1f-517c6f912109",\N,"freeform"
"77c07094-2854-4034-a470-846cd2816ab7","default","","88c2f083-c518-4a81-a7ce-7a338b7a4361","cce64657-512d-4edb-9679-3fa660b6a017",\N,"freeform"
"7858a0f3-a600-479e-937d-86e4700f5f95","default","","4d1a0197-6c41-48ba-afb9-c13e1eb4ea81",\N,\N,"freeform"
"787fb571-63a4-4639-be3e-026e883aa4f5","default","","c5068669-b6ae-4c09-af49-f399d8a92c54",\N,\N,"freeform"
"78a30390-2e3d-4c46-b697-07fa47ea4f60","callout-display-location","CONTRIBUTE_1","dbd7b609-25a6-4b25-932b-5fc913a261dc","2834cf9f-45f4-4643-b259-5cbe723185d8","6a5e917c-b354-490e-a5f0-f34f44cd8e79","select-one"
"79961044-0e31-447c-9d0e-49f1f2984a89","callout-display-location","HOME_1","d4a1bebf-da64-4490-9146-40c4b2258aaf","92aa28da-b61f-475a-b8b1-7604e06c65df","b8025a13-cf6a-4538-8b64-612bf10daaa1","select-one"
"7a5593eb-bd84-4539-9be1-d9ff0dc9e8d1","default","","dc4998f5-023d-42fb-99a7-e500cd30e6f8",\N,\N,"freeform"
"7aaffbee-84e6-46c5-b47f-e5bd3cdceb74","default","","ba4fbd22-7f87-4b9d-9923-f7d804990876","eac9c268-e329-403a-b514-81a59681aeb2",\N,"freeform"
"7b4f6034-d700-4f58-9028-fff006d4313d","callout-display-location","HOME_1","43bccc93-365c-4735-8c1f-56488821a9fe","67aae0ec-ce79-41c6-9507-09be52cf1a48","6a5e917c-b354-490e-a5f0-f34f44cd8e79","select-one"
"7b73e756-4456-4019-bdb7-a9763297611b","default","test,whiteboard 2","989a9fec-5a0e-4a9b-b4e7-d6225727e84c","d75095de-c157-4048-b866-1e65db4f827f",\N,"freeform"
"7cdefcc2-876e-4b06-a385-18860a7f0e3a","callout-display-location","CONTRIBUTE_2","e0c427bc-0cbd-449d-a30c-8bf3cd9d65ea","91c4aa64-cbc7-401e-ae32-e3a890b22e98","c5ccc6af-c437-4689-bd79-b0fc68e72c43","select-one"
"7d8dd39d-0dac-4404-a8b8-01dcd4bd23a0","default","","177b7558-3cb7-40b0-a918-ec3995547b2e","624d7b51-053c-4c9c-a3a9-68c37aa216b0",\N,"freeform"
"7da8db64-ac9a-43e3-882b-f3cfc196a2e7","callout-display-location","OPPORTUNITIES_1","d1551ee4-608c-4e5b-80f6-7207ad1a5021","380b9fc1-7355-4b0a-a6ce-fa4911f798bb","2d51968d-045b-44d2-9b2d-6cea57f5909a","select-one"
"7df0d362-29a1-498e-add2-726f05c77ed3","callout-display-location","COMMUNITY_1","b1f84355-f6d3-4070-abc7-3adc0bb1eaf0","624d7b51-053c-4c9c-a3a9-68c37aa216b0","c89c2ec4-ae65-4dff-b14b-027515904c89","select-one"
"7fb82ec2-698d-4a0d-9edc-f208b913343b","callout-display-location","HOME_0","b9444914-1460-4528-a8c2-60c427773912","e35ff5b8-b9f9-46f5-9c72-9688dcf2c885","c89c2ec4-ae65-4dff-b14b-027515904c89","select-one"
"807a0cb2-3ab3-4fc5-8eb5-d3b81e635f07","default","","63ef4d7a-b520-4e23-96e5-5a12c4bdbf8a","a2ed0ac9-49b0-4e08-83b8-96fcee8c277e",\N,"freeform"
"80b87aae-4854-49ab-a9d1-54f97f0c0ca1","default","","9f6a36c7-bb04-4ed2-808e-20dba35fbc61","c7b3edb9-395d-4fc7-9820-f917cc17df44",\N,"freeform"
"8107961c-f6cc-4c9d-ae03-970b9e55debe","default","","6e1d3a51-917d-44e0-957a-6ef808faf3f0","b15bfea2-a686-48f0-ba9c-eff8a59f057c",\N,"freeform"
"82dd641c-c572-49fc-bb53-311d468758c3","keywords","","b9ed07c9-84bb-4a5b-b2bd-8e246888931b","6a29a3c3-c120-4e2d-9dbc-84c895f3734d",\N,"freeform"
"83539fe7-1c63-4214-ab8b-4f9555145c4c","default","","a3eb1dff-3071-4655-94cd-aef083121756","ce855456-a28b-4b9f-855d-ed6a6e9501e3",\N,"freeform"
"83ba7643-9de2-49ce-8227-44378ad8a6cd","default","last,state,collection,links,left","46c3e15f-c3bf-4a97-8970-63acd020eda6","750e3f5c-5798-45d8-b9b3-dfb2c49092d4",\N,"freeform"
"83c3aaf0-7465-413e-bd08-58d2a60da26c","default","subdomain,innovation,spaces,tags","977449f2-79b6-4cc3-af1f-588b90bfbc5c","6b40c4a5-9b5a-4fa1-8e67-6ff91c384d39",\N,"freeform"
"845a9571-0a67-4aaa-abdc-fdd4f6f76cb4","callout-display-location","HOME_2","e9856add-e235-4112-9d92-81573c45c795","da92c36e-5b02-473f-b91a-ca66d7f56ef0","3c4fa741-c298-48a2-9602-0d63e1ad72ac","select-one"
"84725410-e465-4890-9c67-9cd3e4e00225","default","","54f76aba-bda5-4eb5-b014-10d86723047a",\N,\N,"freeform"
"85b42657-d535-48fc-93c8-1bf91f1ca77e","default","","38e1e92c-fb8a-4cfa-bf89-7a28750ed2d3","3923656b-778e-4753-9b23-9d5ee47a991b",\N,"freeform"
"865a7bea-dee3-4a66-8764-bdeb69cb3674","callout-display-location","CONTRIBUTE_1","495139b1-f09f-42e9-a3f7-c3692ec53b25","693c5088-a171-4f8e-b753-7dd51e3fa034","b8025a13-cf6a-4538-8b64-612bf10daaa1","select-one"
"86626c91-83dc-4d1c-a5a7-3d63c492a803","callout-display-location","KNOWLEDGE","e7f02f7d-2c49-405f-9bea-52b62ac963cd","bf7b21a1-a46f-4a48-838b-76dd2ec4a9e8","5c894bcf-edd8-43ac-93a2-d5dc118d3634","select-one"
"86d8b935-a069-47a2-99bb-81827d44139e","flow-state","Ontwikkelen","f592e51b-b628-4381-b823-8d869f1b65fd","b6bb5dac-f10a-4618-ad72-528174222915","ae6bf6da-ed60-462f-a4a2-4349b2fd8a0b","select-one"
"86fcb78d-5863-489d-9220-4c2c7fbea713","flow-state","Voorbereiden","ecb7889f-ee29-49dd-9551-27d85625ced0","8263ba98-4759-4568-98da-057422d0e408","5c397620-8d2b-428d-ba5a-15d44399ba2c","select-one"
"886fac07-9c07-425d-a96a-ea1b11cc4771","callout-display-location","COMMUNITY_2","1f09db52-eedc-49b4-8d39-177339bb941c","c2114d9f-8bb3-4359-a10e-398c0bf5333b","5c894bcf-edd8-43ac-93a2-d5dc118d3634","select-one"
"8890de76-30df-420b-9fbb-7aba20ff6824","default","","a268e58d-5998-4e9f-b6a1-1d59474ec368","55294bed-ecfa-401d-86bf-f5f80ad605a6",\N,"freeform"
"88fb667c-2707-430d-a45b-6e1a36b1011f","default","","6931a02d-5692-4432-a5ba-62823dd8b1f9","a7fe3234-e621-4c6d-a171-ea5641256052",\N,"freeform"
"892cec51-aa28-4864-86b0-5e60139e7685","callout-display-location","CONTRIBUTE_1","11a028a6-9d7a-4e63-ba4e-4ff5bcb85aef","b10be681-21d1-4e8f-85e5-72cb1306a380","b8025a13-cf6a-4538-8b64-612bf10daaa1","select-one"
"896916b2-134b-400a-beef-ba2c4ed0fd3c","default","","7e8bc84d-e5d1-474e-a275-31e4a574c6c4","3d835e2d-406e-497d-891a-f43bb80c7ad6",\N,"freeform"
"8989e5b1-5730-49cf-b3fe-613cd758f3c0","flow-state","Definiëren","56ef703e-d28b-4447-848a-ec537615e367","bbf333d5-b219-4ceb-b53d-c47afa9fa2d7","ae6bf6da-ed60-462f-a4a2-4349b2fd8a0b","select-one"
"89fdfa34-febc-448d-b5db-a27f46c27b86","default","","093703a5-947e-4f3a-b675-b606ed6d45e5","eff91eb2-a4a5-4a84-92be-ae43c5a42fa2",\N,"freeform"
"8a0b2a3c-aa71-4f19-8755-4e78fe1db4f1","callout-display-location","HOME_2","9a7309b6-a499-4927-a3be-af56f697a02b","0786669d-db03-4623-9a5d-24ca7bb4b419","1cbb9756-3544-43ec-acdf-71d6254aa679","select-one"
"8b367e6e-4cab-4ab2-8545-7f14c662c5ef","default","","d02966c0-4bd2-4e3d-8c04-d5c40c0ffef2",\N,\N,"freeform"
"8bbdfaff-2955-42b8-8dc8-cefaf0f04b0f","default","","444eba3a-7032-4e6e-9930-6e4ce9615820","877a4562-c0de-4f0b-ae8d-83207131c0df",\N,"freeform"
"8bfb06eb-a613-40dc-a529-9273b468cce2","flow-state","Valideren","d467cb74-9cde-497e-8b39-7ad7bc9e68fb","811fb257-7bdc-49df-b4fe-411b60ee04be","5c397620-8d2b-428d-ba5a-15d44399ba2c","select-one"
"8c3029a8-687e-493d-920e-14a63eca29a1","default","introduce,your,self","10ed5390-c1c7-4a0d-a3d6-7e5219113bb5","3fdee5e9-2b9a-47e5-aae9-530cd7fb51b6",\N,"freeform"
"8c699fb5-7b02-4bd3-960d-b5c62f5c00b9","skills","","f0a3796d-0a69-4952-8ac6-bbbcf5c2e763","2e2d8388-bc5d-4e1c-9430-8679f697b40d",\N,"freeform"
"8ca3e8a6-9777-4dfc-816c-e564444d1412","default","","2975fe76-cde4-421b-8e2d-a2127f2eb655",\N,\N,"freeform"
"8cad304c-f0f6-4ba5-a9e1-a3559c6c66a2","callout-display-location","COMMUNITY_1","588aa133-f913-42d9-8461-1b80ab7f9295","749addf3-4044-4f50-bbbf-4fb7e11064d4","5c02202b-7d6f-422d-8076-6ce72f212645","select-one"
"8d64f009-18ff-44f6-87de-654f78c7a2a3","default","First,innovation,pack","8ff47dfa-45d7-4b08-bdcf-9970523992ea","516cacce-c3d8-488f-a80f-421cff85d495",\N,"freeform"
"8da30cbb-4de8-4893-8ca7-063c40e5e91c","flow-state","Voorbereiden","42075d4f-d3b2-41cd-8a3e-b847dda446aa","8822b9a0-1c34-4688-ba8b-d28ea231d90e","5c397620-8d2b-428d-ba5a-15d44399ba2c","select-one"
"8e25c879-2614-4871-b884-35da0db38c34","default","","d5a6563b-0bab-4306-84ca-de404213a115","bcdfc794-41ac-48ac-905c-764bc05b39ac",\N,"freeform"
"8e4c0285-7aa7-44a4-b390-0a5f5c3f73cb","default","","d49e345d-3af5-4907-9c15-49312de4caab","d91d6e12-04ae-41fc-ae09-bf5640f161d4",\N,"freeform"
"8e4f8d80-6236-4b71-bc3c-acd6e1a45dc8","flow-state","Exploreren","63be99d2-0238-4b4d-b171-e10d249c7abc","5cdd6274-d1c1-4a8e-936f-5352a541dae8","13907ee6-01e0-4c74-948b-bc833617b7ef","select-one"
"8e70fd4a-101f-4f85-980a-ac2863171335","default","agile,user story","b36b0a44-c7f6-4cb0-996b-da56f973dd7f","e4d1ccc4-54dc-45b7-a5f6-1c3b40e8e8b6",\N,"freeform"
"8ed95f07-2418-41bb-b232-a914faf57f8d","flow-state","Opp","3a861b10-2e04-4562-882b-e117b8be1711","6fe2ae53-5dc3-4e29-88e0-986900156e84","9fb30137-2005-40e1-8bf3-dc6c49abef01","select-one"
"8fb1efd3-2831-4623-8d05-b415fbf846ed","default","","90c59100-e452-460e-adc3-09377295ae64","41a697f6-169c-45be-8020-91c655ceefd1",\N,"freeform"
"8fc8ec0b-ba2f-4701-abb6-2ffbed9035d6","default","","d1b96dd7-7150-4fe1-b112-aa53361dd69f","b5b3e70e-3994-45ab-b6d9-7c10623725b6",\N,"freeform"
"8fde9da7-778f-4128-baa3-8843d4531d51","default","","c02f1d59-7027-4c55-8af1-2e9b18b739e8","1a433c96-7afb-4d26-adc4-96b79f41cbf8",\N,"freeform"
"903cf90d-4ea8-4487-ab1c-abbacae3e8fb","default","3rd,state,collection,links,left","63283313-5b49-4f73-92f7-fb7a0d8f0e88","693c5088-a171-4f8e-b753-7dd51e3fa034",\N,"freeform"
"90e2949f-72c3-4766-950a-a5847b75f80e","callout-display-location","HOME_1","65de8162-3005-4e38-9e63-a4a6ae18ce22","17868a60-6791-4f4c-a930-f9d33c2de7ac","b8025a13-cf6a-4538-8b64-612bf10daaa1","select-one"
"9175622a-e69e-4c45-84d9-6f624b6dfedd","capabilities","Organization,capability,one","76eed8a9-5b48-43ad-ae0b-7436de09b468","8ef34990-f917-4bd9-9b56-16e34d0f6129",\N,"freeform"
"91bf7c2c-c273-4a59-b2b6-59c451e41814","default","","15b6e979-4ce8-4d15-918f-30e998d76657",\N,\N,"freeform"
"9218539c-2a32-4e82-a8ce-f8de488c00cd","callout-display-location","KNOWLEDGE","f1a63b0c-1e85-46b7-b645-f79a25d3a148","6f2cd865-500d-4f40-ad7a-0d3d27606a2b","70019eb0-3006-4e40-a5ed-d3d546a58afe","select-one"
"924795f6-0b34-4d5d-b19e-aabb50ff44e8","default","","3d0b83b0-39a9-4bc7-a836-b8c3683ec014","cfb2ac2f-3c76-4946-b30c-aaeadea5f116",\N,"freeform"
"9349937f-04f3-438d-90b4-40b5801b99ca","flow-state","Opp","dbcb7184-45a4-4399-b70e-5cfeda245801","e77967e5-39f4-45ed-90e8-2f6622630aaa","c34e023e-890a-4c8b-aedd-68260b41ee27","select-one"
"93e84800-9478-418c-92ee-444cceafaa60","callout-display-location","CONTRIBUTE_1","eb92a97a-f465-4220-bf85-cff1e71f7f78","48dfd028-c6df-40f5-b685-437773474b00","66559ee9-0294-461c-aa40-0ca0e4512a66","select-one"
"93f8480f-f626-4616-a644-b4f71f97c1b8","default","","d6ceea2c-904a-41a4-8465-6436b7c2487f","0099e7cf-f935-42ac-af42-b0c339ebe91a",\N,"freeform"
"94b8b8ad-cfa1-4cc4-8b46-556f89e6c8a6","default","Challenge - Definiren","1000d2f3-1428-40b7-9f7a-118073cccbeb","c106fe13-da43-476b-9981-3ee9692912e6",\N,"freeform"
"951c3d3f-943b-4bf7-829b-b6a57fd6e0a9","default","","bf5be263-9bc7-46a3-9432-325e63c8df8a",\N,\N,"freeform"
"953cfbf2-f557-4b85-9409-93f93e9e2324","default","Post,Opportunities,Left","29a080f2-a089-4812-8c92-25897d50cf25","380b9fc1-7355-4b0a-a6ce-fa4911f798bb",\N,"freeform"
"954b3bd3-244d-400e-8771-011eaea55d90","default","Opportunity","8d76b414-2a88-42ad-a3b8-0b51f03fb490","e378b236-7b73-4158-8aee-a2ee9051cb04",\N,"freeform"
"957e55ec-f35f-46e6-8608-35beed2ffe95","default","","b5f57fc2-cd36-46d9-b1c5-093e7ad7e9e0",\N,\N,"freeform"
"9668bca1-e1c3-459f-b30d-b80da4a63dfe","default","","837dc91b-a95c-45f9-978a-86322d356f6e","aecdc548-dc78-4315-91dd-468cfc64a838",\N,"freeform"
"967681a4-9121-49f5-b563-1fdd700a8124","keywords","","2f479831-9b47-4a9d-bb52-0dfb5d283b29","4f2a550a-d7bd-4608-aa10-e5ba9d6f8d5f",\N,"freeform"
"9677b523-aa16-4bf8-8163-a8dddf207e11","default","","5ce29126-d318-4ce1-8181-f190b42bf8d6","1a2dd967-a9fe-4ad8-b77b-3e56d9055b89",\N,"freeform"
"96aa604d-8bd3-4107-be4d-2287badf7905","default","Challenge - Definiren","7efc21ae-f2cb-413e-8e8a-53017225c820","99294cf8-7a7a-45f6-a6f2-b531d7c6d1f9",\N,"freeform"
"96c3f921-e442-4871-b6f3-a443347762a0","callout-display-location","HOME_2","197271a7-09c7-4715-bfd1-a069102fa819","5cdd6274-d1c1-4a8e-936f-5352a541dae8","c5ccc6af-c437-4689-bd79-b0fc68e72c43","select-one"
"96f73e20-990d-4cd2-b5ed-45723c64d0a5","callout-display-location","KNOWLEDGE","719d59c2-8f02-4f59-9c39-59cf1232449d","f018af32-f3ed-4bcc-b65b-14c126b814c2","1cbb9756-3544-43ec-acdf-71d6254aa679","select-one"
"977eeef6-8695-4888-a757-42de84ca0353","default","","7b7a43a5-ede7-4521-a81c-db9a5498ecd1",\N,\N,"freeform"
"9861165d-c1bb-41d5-811d-70b45dec15f9","default","","736403ea-8968-4b0d-8805-9bef7250e11d","9a4206c5-5019-4f71-aa8e-22372ced087e",\N,"freeform"
"9871edca-f91e-4452-a64b-d06e13b1286e","flow-state","Definiëren","311df893-4e50-4029-bb66-f18866ee70c2","70239a75-e904-466e-94da-e124f9a4b6a1","9fb30137-2005-40e1-8bf3-dc6c49abef01","select-one"
"98eaf0bd-d2d6-42c9-bc6f-5462bc9cb37b","default","","3784e521-a3ec-4626-9dd9-53c9cb7efa94",\N,\N,"freeform"
"9a0d9787-e9bb-4de2-a0be-8ff2f067e78e","default","","870c51fa-62c8-46e9-bfa9-c8c2767ba820","e71058bc-d83d-4576-8438-4e1c5eab6f9c",\N,"freeform"
"9a9ec7d8-d9e9-42c3-acd1-02dbf7abba22","callout-display-location","CONTRIBUTE_2","e1ba1dd7-c71f-4297-afbd-5563dd452d9f","153b48dc-c3cb-471d-a992-3d45f904f3bf","b387be23-e76c-4cfc-b98b-35af7962998e","select-one"
"9bbe29fb-9209-4920-bb68-1a335473eae6","default","","c0f32f03-cd65-47c8-b84f-37ba9077145d","c0b6ef7a-4534-4ed5-bb13-1c737fda3488",\N,"freeform"
"9c111473-5483-4542-9df4-6e5f84921b0f","default","","514f2a48-70e0-44a0-848d-6e980bcda454",\N,\N,"freeform"
"9c3c01b3-793a-4f9b-8a08-b82773d5aeee","default","","fd91c6d5-e421-4830-92a5-893a01b815a9","d4ce14ef-f15d-4d72-8379-1aaf4729bfc9",\N,"freeform"
"9d0fbfab-f391-48cb-a911-a17bae59b2be","flow-state","Voorbereiden","f97710ec-4e42-4044-95c8-e9eb87daefb7","99dd4b49-a75e-4ae7-ab2a-d3683d36bf8c","5c397620-8d2b-428d-ba5a-15d44399ba2c","select-one"
"9d310cc4-c27b-43ce-bfdd-c83269abe9a0","default","","d5f6064f-22c8-42dc-bb27-4151d59d9294",\N,\N,"freeform"
"9d7172b0-12c1-487d-8e3f-2ab51435f528","default","Private,space","e408d16e-5c8d-4c49-981b-78b312ce0507","40ce182e-30b5-45ec-b029-bf46e1990d43",\N,"freeform"
"9e5f9a8f-d55a-4965-ac3d-ba9eb5169148","default","post,opportunities,left","520f0a7e-3d42-41bf-8c00-0e2d1a54bb4b","8263ba98-4759-4568-98da-057422d0e408",\N,"freeform"
"9e84e1ff-5a04-4c70-8402-324997c66c92","default","","48dfe7d4-cb79-4bbf-aeee-84bce9535ebf",\N,\N,"freeform"
"9e8e35b3-9d4d-411f-80b5-dd53fa8bcbb3","default","","ec9f8088-e0d5-4cb5-96af-019b86031659",\N,\N,"freeform"
"9ef4a886-f8e5-4b30-bb1d-f38c233e0448","default","","3c31a45c-b5ee-44ee-8e7e-18c60226af60","94e70c3a-54eb-4963-8d46-bbfc2651bc7d",\N,"freeform"
"9ff8632e-ed80-43ad-99c8-38bcb834751e","default","","aad71048-0ed7-4da3-bd5e-5695ce027bb2","b10be681-21d1-4e8f-85e5-72cb1306a380",\N,"freeform"
"a09871c7-0d53-49a3-9bf9-2feee722a704","default","public,space,data,test,backup","5295dc4c-6068-4830-9876-f8d5ccb12f00","eea8aa31-cc56-46b5-b11a-c1831d7150f3",\N,"freeform"
"a0c18d41-8416-4e70-91cc-eab7d4f777a3","default","Challenge - Exploreren","e7374867-592b-4e67-80fc-f85a01ecf7bc","cde53227-d09a-4284-9cf0-a5b98dab041c",\N,"freeform"
"a12b81fc-fdee-40f3-9917-b5e35a3c5fdf","default","call,posts,community,right","3b7616d0-5979-40dc-9ede-32b3c61abe00","c2114d9f-8bb3-4359-a10e-398c0bf5333b",\N,"freeform"
"a12c93ed-c916-46f6-9864-6b6ac469d4bc","default","","79143eeb-477e-42e8-9577-70b2ff27bc69",\N,\N,"freeform"
"a19cad9d-9f95-42d1-a492-5eba0ad9a358","flow-state","Afronden","5226176c-9994-4ecc-a5e2-15bd4292ad85","4f9057db-4955-4b4b-b7fc-0b3637692867","5c397620-8d2b-428d-ba5a-15d44399ba2c","select-one"
"a1d0a8ed-dd5b-46dc-aa06-efb15f34ebf3","default","","34fa44d3-e16f-452b-ab20-bf7e051ba997",\N,\N,"freeform"
"a1d87cf1-c4ac-4f3d-a3fd-fca310b98067","default","","dc08122a-1c4c-4254-9b5b-5637bfd4ad3c",\N,\N,"freeform"
"a1f5a613-f1f1-4400-89e6-f4b0f3365a90","default","Challenge - Exploreren","2dcdcdbc-a361-46e2-ae40-85489941f7c8","5d4bcf6e-ca6f-4164-a330-a4ecd210c077",\N,"freeform"
"a1fb8142-a9ea-4690-b5c7-c9228e583a36","default","","7a2eb097-966b-4a93-9bd8-dcdac10d09fb","35439bac-152d-417b-82ed-9a3cfbde5347",\N,"freeform"
"a2664748-9880-4914-ac83-b2c04745d43a","flow-state","BegrijpenenOntwerpen","93636677-0444-484c-8abf-d386af2afa3e","693c5088-a171-4f8e-b753-7dd51e3fa034","5c397620-8d2b-428d-ba5a-15d44399ba2c","select-one"
"a27dfa24-264b-4997-8da5-2e14685a750e","default","","06243e06-2e81-4fa4-9792-1ed50565ecf1","6f2cd865-500d-4f40-ad7a-0d3d27606a2b",\N,"freeform"
"a37e518b-25f9-4aca-a331-9ca6428f5f15","skills","","75537c2b-dd72-40f3-9fa1-ee9a631055e2","7a2c4d56-e272-4fee-baa0-9d6baf8f9c5e",\N,"freeform"
"a3855ee5-1dc4-42ef-8ea2-0caae2361d65","callout-display-location","HOME_0","c6e458c4-61d2-48df-b622-cd35ef858feb","e3f319fb-1e30-42ec-9675-5ac3b5d567f2","c5ccc6af-c437-4689-bd79-b0fc68e72c43","select-one"
"a41dede2-a109-4460-a8d7-335c1a0142dc","default","","93d92ba4-9cba-43df-a5e7-e32804ac6d30","a58a1dae-5c7f-4a9e-8ca9-62408d2b8695",\N,"freeform"
"a444c545-4689-4e6b-9647-abbf7e8cc70c","default","Opportunity-Definieren","3f2ac2bb-3717-49c5-8024-497a504cec60","0fa1e85b-51f0-4497-8864-ac177de6530c",\N,"freeform"
"a454fd9b-842b-42d9-b840-e768b55c2870","flow-state","Opp","f5ea5920-2eab-481e-8441-7d391951e826","2d4f7fba-eaad-4567-997b-13b1ce624b95","c34e023e-890a-4c8b-aedd-68260b41ee27","select-one"
"a46c1d07-745a-4890-a471-4c45a1b7a0a2","default","","caefc716-17ef-49eb-983e-eb92b5518eac","57c33d10-2ced-4fc9-9604-894597e1c139",\N,"freeform"
"a4ae1ac1-7ab5-4a47-9e6e-eb140bf2dc2d","default","3rd,state,whiteboards,left","76926782-91b3-40d2-a4a8-f27aabb296f1","098c0abb-ac30-475a-b5ff-8e7a0857e600",\N,"freeform"
"a54009bf-b854-4eea-9c0a-207a52c58d89","flow-state","beingRefined","92b072f8-ad41-4c8e-be3f-486ebb412c55","02ded188-8221-42e2-a7e3-a7c9b7314b79","ec3c82e9-d7d4-4e12-8718-3a2b8590c0fe","select-one"
"a546e556-5bf8-4a92-9ad9-b11f75e4fd11","callout-display-location","HOME_1","58ace92d-0ad5-4d03-9c12-d836a44526bf","f7381559-e673-4fee-a06b-a462bca20c22","c5ccc6af-c437-4689-bd79-b0fc68e72c43","select-one"
"a6b686f6-edb3-4ce7-b67a-2bc13a6ba301","default","","b5b1b719-96bd-4a3f-a618-6a981f43cbdf","c61056e0-f48e-4507-b939-67d80901f8a6",\N,"freeform"
"a6be02fe-1244-4dc2-8c1a-c3f0393644be","default","","77a9234e-9d17-48e6-a0ff-1539bb2b8484",\N,\N,"freeform"
"a6f36d4a-d24c-4415-b106-a291d2d0f198","default","1st,state,whiteboard,right","b1d5960a-3070-441f-8b95-e701a4ff79b7","84a24792-a1b4-49f8-bf31-be0ad36805dc",\N,"freeform"
"a757e10a-79a1-4fb5-bbe1-43e49936af62","default","","cc4addde-6173-4379-acdd-7d4d1abd795b","2d4f7fba-eaad-4567-997b-13b1ce624b95",\N,"freeform"
"a8bc757b-3800-4d89-ae94-a97dc92da373","default","","7e78cde4-ddc4-4eec-aa06-6817c728a593","1cfcb353-a84f-446f-abb7-d13ef431ac9e",\N,"freeform"
"a8ea8e61-c504-41ea-bf93-1f6332062d7c","callout-display-location","HOME_1","39b09ca0-443e-4ae6-aa20-0e4ea540471f","cefb99d1-2c79-47c8-a369-fe7057ed070d","2d51968d-045b-44d2-9b2d-6cea57f5909a","select-one"
"aa2adfb2-7cb1-41d4-9ecc-00db048356f2","default","","053304e1-3c96-4949-a10e-72b008a0bf9d",\N,\N,"freeform"
"aa4fae9a-fe54-4c37-91dd-79c65a14f074","default","","da499c6b-da36-4bd8-8a41-a3c744c7e22a","ab009c52-ba21-4de0-a8b6-1426c5d994ae",\N,"freeform"
"aab8a89b-dba7-4ade-aab8-1c916cab3f5f","callout-display-location","CONTRIBUTE_1","72fa8637-acdd-4e03-b5b9-41fbeefb25d2","f9edae01-bfb2-4419-abe9-4cc0b6f02e0f","6a5e917c-b354-490e-a5f0-f34f44cd8e79","select-one"
"aac6d656-c469-4954-9c44-5985870e4045","default","agile,user story","ab6ed59a-c325-480d-a783-dc29e02c27fb","35e821e7-582d-453e-be8b-c5137a9025ea",\N,"freeform"
"ab3eb2ee-7571-417a-887e-1ad46d1646d7","callout-display-location","CONTRIBUTE_2","5360768e-67bc-4985-912b-046b685b77a4","67361674-16cc-46df-ad2b-911778ecf407","6a5e917c-b354-490e-a5f0-f34f44cd8e79","select-one"
"ac9a662e-88ec-4f1b-b389-b22f1750b7ed","default","","bfa5308b-d2f7-4a7d-b2a4-d6f8ba6c7aff","55689bba-9d6b-4458-85c0-9acbaa31b5c5",\N,"freeform"
"adff7f90-bc8f-4845-976c-edf740ff59ce","default","Challenge,archived,space","4cea2d6c-5b7e-4088-8881-37a077b4655c","c9f3eb91-49e2-4307-8ef8-27113f70db32",\N,"freeform"
"ae2de763-79b6-451e-8926-3617d9d27c4b","default","5th,state,whiteboards,left","4ce4a40c-524e-4257-af78-29be745fcb47","f9edae01-bfb2-4419-abe9-4cc0b6f02e0f",\N,"freeform"
"af8d6121-44f0-4d7a-aaaa-0bba16d1735d","callout-display-location","CONTRIBUTE_2","ea73ab90-79de-4a9f-98aa-3699a4714340","8822b9a0-1c34-4688-ba8b-d28ea231d90e","b8025a13-cf6a-4538-8b64-612bf10daaa1","select-one"
"afc3d9c4-8302-40fa-8eaa-a12698ecfcb5","callout-display-location","CONTRIBUTE_2","a296b72b-80c4-4152-9ecd-236233e000c5","4f9057db-4955-4b4b-b7fc-0b3637692867","b8025a13-cf6a-4538-8b64-612bf10daaa1","select-one"
"b02c322e-a819-4907-97eb-0c47f8da861e","callout-display-location","COMMUNITY_1","74afeab4-f80e-4094-a9ba-d73a7a3c0ac1","151bdb3c-9781-4770-8446-ce2c1e69f0bd","5c894bcf-edd8-43ac-93a2-d5dc118d3634","select-one"
"b04c34d6-5ba1-4799-a85d-881cbf553a1b","flow-state","archived","45f99c53-a985-45a0-9aaa-3614a7cc8f1f","cc2445d1-7ce2-4944-b9ab-a9c023abf549","ec3c82e9-d7d4-4e12-8718-3a2b8590c0fe","select-one"
"b09583b6-c718-42c6-92a2-77fa686ad51b","default","","156c5806-f07f-48db-813b-d53fd4afd63f",\N,\N,"freeform"
"b0992b9d-93e0-49d2-8b5b-c5a2492638bf","flow-state","Gebruiken","c9491c2b-603a-4298-b519-dabe2e1c06c7","7c1fb179-4430-4018-8fd0-0f4ed0f341ef","ae6bf6da-ed60-462f-a4a2-4349b2fd8a0b","select-one"
"b0eb46cf-011b-4954-93b3-3cbc9c43f92e","callout-display-location","KNOWLEDGE","f737b467-3048-48fd-a0d8-fa2603df050d","0ca9f160-bb1d-4736-b395-a6ec1d320578","5c02202b-7d6f-422d-8076-6ce72f212645","select-one"
"b1d592e3-e592-49d6-9950-737a22be226b","default","","fafe344b-1329-4d3d-9641-6d7c948dd4e2",\N,\N,"freeform"
"b21ecdf1-f56b-44f6-8f0a-79deaa81c045","flow-state","Parkeren","93ea9da5-81e5-4352-8074-4b1b40a996b2","67361674-16cc-46df-ad2b-911778ecf407","ae6bf6da-ed60-462f-a4a2-4349b2fd8a0b","select-one"
"b22b5af5-7ee2-43e4-81f9-4f70c59b0c1c","default","","28d00bb0-224e-4b1f-a719-864b34036f50",\N,\N,"freeform"
"b28b0072-3b38-449b-88ea-0a4e609dff79","flow-state","Implementeren","774690a6-d318-4ac7-bea9-0b56fb67d5f6","ae78bc05-fb1b-4dd0-9d1e-507effc013ce","5c397620-8d2b-428d-ba5a-15d44399ba2c","select-one"
"b2b30cec-f045-4ece-9417-ab4163e367fd","default","","7b123cd8-a328-46b9-95c1-d67a9b337878","b83faa1e-dea3-4e12-a40c-9bf8d27150ce",\N,"freeform"
"b2d5d683-6c9c-4338-aef4-86da7efbd088","default","","836cf6dd-da09-4e0b-bbb5-916aae1bbf34","fba32076-615a-4c21-960f-8c758ccfd356",\N,"freeform"
"b30ea285-206b-4bf5-bed4-ee52d02ea5ef","flow-state","Exploreren","d63e276f-26fa-47b0-941f-48ed71b6a83c","b7eb8e2e-31e7-44fc-828b-6fd4624a6a9a","5c397620-8d2b-428d-ba5a-15d44399ba2c","select-one"
"b3130674-ad19-4d47-8f15-8c7b55832a41","default","","7021d8d1-5e6f-4a0c-bccd-14de7bef3955","036562a9-920a-43d9-b901-2cf23aa35965",\N,"freeform"
"b37511d9-2320-4bbf-a944-41752ccb8c7d","default","","2f1497f3-3567-4970-998d-9137d5b05a80","cd21556f-a40e-4f92-ac34-714be72f090c",\N,"freeform"
"b378915a-b4c4-49bf-9c1c-8f6063316299","default","","36e8a351-75a2-45e7-a9c3-16667748a821","e77967e5-39f4-45ed-90e8-2f6622630aaa",\N,"freeform"
"b38155ff-bd4b-4aa8-b380-d1e915e95e9d","default","test,whiteboard 2","381bc14a-15bf-48a6-87f8-d9ec6fffc7d8","7f8ba9f3-7838-47cd-93d4-004bc4288523",\N,"freeform"
"b39541fa-9b3e-40cb-95e9-0e17a2b32c9b","default","","f583b395-9bcc-4b8c-ad38-dc92cdf604fd","5aba3f5b-d1e0-4a3c-8e7e-ef936ac48e4f",\N,"freeform"
"b3c33b59-54e8-490a-8e1c-2f49be92a781","default","","3a69a666-e628-4a46-809f-1010cc552b92","1a7a771e-b4d2-4316-994b-84d52364d9d9",\N,"freeform"
"b3ff9fdf-6008-44d1-973d-8f3e5c90d37a","callout-display-location","CONTRIBUTE_1","fe4b5988-55fe-4fcb-a03b-143ff1552582","ef2e4c6c-2120-411e-aadd-861c6bcefbd6","6a5e917c-b354-490e-a5f0-f34f44cd8e79","select-one"
"b45e5d6a-a199-47ed-abe3-2a7ed57c9485","default","","284e9b09-65db-40db-8962-0af9141b2556","ac914620-03c6-45dd-aa50-17b0c7864c79",\N,"freeform"
"b499cd11-62a3-4680-8df9-4d707fb40925","default","","5f337bdf-f1e6-46cf-869f-167da2d6a383","0ca9f160-bb1d-4736-b395-a6ec1d320578",\N,"freeform"
"b4bc0604-f1ca-4eaf-8b19-b94ebb921fdb","default","","5ee684d9-439c-4cd1-808a-60ec098cd801","91c4aa64-cbc7-401e-ae32-e3a890b22e98",\N,"freeform"
"b4eb0227-bfbb-4b2b-b0b1-d2f55fa0437d","flow-state","Ontwikkelen","4a0a5cc1-6ae4-4a04-bb4d-bb9a68a420cd","98fb536c-7d57-424a-a5d9-c88d3b3cb4aa","ae6bf6da-ed60-462f-a4a2-4349b2fd8a0b","select-one"
"b507e4c0-124b-4f41-b1df-2dfcd7062e33","callout-display-location","OPPORTUNITIES_1","8006790f-37f8-4e04-a7ef-8fc4f330f128","8263ba98-4759-4568-98da-057422d0e408","b8025a13-cf6a-4538-8b64-612bf10daaa1","select-one"
"b53fb866-46bf-455b-abb7-f8a646cd38b5","skills","","07d13dcc-1d38-4b9a-ad25-cd470977f1fa","4c4b2253-c8ba-42d7-92f2-309075fd2175",\N,"freeform"
"b58104ac-4e0d-4e9e-828e-e36b4b644f66","default","","a10b9963-55ac-459b-a64f-fa99571df84b","da92c36e-5b02-473f-b91a-ca66d7f56ef0",\N,"freeform"
"b5f8ec44-d24b-40a5-963d-948948ade1ee","default","","b6a50833-3118-4b13-bad9-00b03328124d","48dfd028-c6df-40f5-b685-437773474b00",\N,"freeform"
"b630946a-3e0c-47fa-a0c4-a72e58501a1d","flow-state","Voorbereiden","4e695ddd-fbb3-4a29-a3e5-a154f92989e2","3675c72d-67cd-4e99-b6af-5627c66181b9","de703a3b-7e10-49c4-958e-d084a528a725","select-one"
"b65dc65d-5640-44c7-878f-31bc0f6e61de","default","","d05e4ba6-09db-472a-8597-8723790e328d",\N,\N,"freeform"
"b6aa058a-ab70-40a5-bf18-089ee5cc37a9","skills","","22c1c22a-dce2-47cf-956c-33c167879506","43afe9b8-f60e-4301-a1fd-5951e5e5af83",\N,"freeform"
"b7d6db49-5ddf-4ce6-86ad-c93ddb7e88e2","default","","e34104fe-b5be-4e7f-ad8e-35799d20289a","2f3d6a7f-3068-4232-ae17-e5a46a0fb502",\N,"freeform"
"b81162f0-7c49-4310-925a-e995a6749954","callout-display-location","CONTRIBUTE_2","4c4c4493-52f7-4bf7-b276-96335c4e9182","17e993fa-3da2-4dee-b1c0-705865ac6b09","d749bfdd-a6f1-42b1-b5cf-44c984a5b6b2","select-one"
"b82b4f8b-8b4b-462a-be59-1132d98b4e0d","callout-display-location","HOME_2","b04b6e45-452f-4a15-9aee-e9bf34718f9e","cdd44571-2c72-48ee-bb75-06c5558d6401","b387be23-e76c-4cfc-b98b-35af7962998e","select-one"
"b92d13be-e26f-4517-b7f9-b8a6e08b9441","skills","","e3b09327-6f86-4469-a1e6-a4934f8c62c4","5a66c2c7-63ce-4187-981f-c64bbaf4cd85",\N,"freeform"
"b9fcc864-bc28-4f8d-95f3-644e1c5f6d93","default","2nd,state,collection,link,left","43b350f6-d8e1-450a-82d5-bcb1c1d107f3","ef2e4c6c-2120-411e-aadd-861c6bcefbd6",\N,"freeform"
"b9fd7f0c-094f-4078-a73d-91e796d46dee","default","","ece33e32-99be-47bb-b85b-05e33321a575","e8b682f4-8523-43a0-a57b-195a331198c0",\N,"freeform"
"ba745ba6-303e-45df-abf2-ab31fcf9afff","default","","3a8353d8-ab3b-4bcc-a676-a0e48c2df1b5","21cd5325-6558-4fa8-8ca0-7b5675ed9bc5",\N,"freeform"
"baac5679-bffb-4dc6-8643-99246d07de8e","callout-display-location","KNOWLEDGE","4a89559b-f69e-4f10-8f7c-e99996474314","ce855456-a28b-4b9f-855d-ed6a6e9501e3","5c894bcf-edd8-43ac-93a2-d5dc118d3634","select-one"
"bac6c618-e12d-4678-8e5b-5343d921909c","callout-display-location","HOME_2","f8bc4929-dc28-493f-b694-51f031ddd289","6fe2ae53-5dc3-4e29-88e0-986900156e84","66559ee9-0294-461c-aa40-0ca0e4512a66","select-one"
"baecdf47-a528-4d9b-9476-ffa2d6960886","flow-state","beingRefined","3af285db-95a5-4886-88e8-385f2544487c","d4ce14ef-f15d-4d72-8379-1aaf4729bfc9","ec3c82e9-d7d4-4e12-8718-3a2b8590c0fe","select-one"
"bb11def8-d529-4b17-bbdc-ca1d52b3e8e2","callout-display-location","HOME_1","d81a3087-ebc8-4816-9993-2aa388654c50","1ed054d1-77f0-46b0-bda0-263b1a846039","b387be23-e76c-4cfc-b98b-35af7962998e","select-one"
"bb96a6ad-0896-4fdc-b226-eea869ba617e","default","","3b564a82-5786-4bb4-b187-2cace3e2b826","fc2ac1ff-0309-4251-962f-2c071f3f139a",\N,"freeform"
"bc867dcf-48c1-4d71-829b-3fc4cc5d267c","flow-state","Voorbereiden","27b2856e-da6a-450c-b9fd-86a113bf5aea","583ee7cf-1d46-4d20-8e08-ae63fc6d69dc","5c397620-8d2b-428d-ba5a-15d44399ba2c","select-one"
"bca1122c-32ec-4f25-9510-a6ac0b2d2e1f","default","","c3963264-1728-413e-9d9b-b2d8995e1a48","f965ef46-e545-4cf3-9399-edad489d950d",\N,"freeform"
"bccc89ba-88e5-4e29-b558-04557f63087c","flow-state","beingRefined","59920c8a-be18-4d76-98f3-df5f22328a59","7b5df131-7d01-434b-97a4-87a3cbfc876b","ec3c82e9-d7d4-4e12-8718-3a2b8590c0fe","select-one"
"bce795ce-535d-4ee3-bf11-f98b8e48e461","callout-display-location","HOME_2","b2fb9abd-7ee6-4b9b-998f-26be46611ba5","a58a1dae-5c7f-4a9e-8ca9-62408d2b8695","6a5e917c-b354-490e-a5f0-f34f44cd8e79","select-one"
"bf069459-6836-4158-8cea-9a24730cf277","callout-display-location","CONTRIBUTE_2","04f7759e-1f45-4c31-bd12-3db6f8f00ea9","7c1fb179-4430-4018-8fd0-0f4ed0f341ef","6a5e917c-b354-490e-a5f0-f34f44cd8e79","select-one"
"bf319746-fccd-486b-bfc1-18085a32d58a","flow-state","Gebruiken","4e08e1c0-e181-40e3-9d81-529430b91c40","f9edae01-bfb2-4419-abe9-4cc0b6f02e0f","ae6bf6da-ed60-462f-a4a2-4349b2fd8a0b","select-one"
"c0342bc1-765f-4b0b-a9d8-b08b3457c2ad","default","","8dde7f2c-8161-4f94-92f5-a5c55cca99d0","2aadaaab-01bb-41c6-9b8c-1db9e9b7a2ad",\N,"freeform"
"c0390672-5194-4a0f-8df7-4a0573706b9a","default","","30f0056d-2e48-4021-b99e-8492b5da55e0","db6ff1f0-1199-4971-baff-431dbb2221eb",\N,"freeform"
"c05f5cd7-d21a-4320-ba8a-a1f5d2eb2f24","callout-display-location","HOME_2","908e4382-22a9-47ff-9c99-3009c4329714","e38827e3-0fdb-47a7-8905-c8072fee30c6","2d51968d-045b-44d2-9b2d-6cea57f5909a","select-one"
"c073b2a1-4d69-4326-adfc-c0cbf3e72233","default","4th,state,call,posts,right,draft","ee2b8965-064d-40aa-b65d-b60fc811f556","98fb536c-7d57-424a-a5d9-c88d3b3cb4aa",\N,"freeform"
"c0834a07-b077-4a2a-be31-b96f13e709a3","callout-display-location","COMMUNITY_1","dbae84f4-3669-4f1c-a168-325eeaaaecc5","f965ef46-e545-4cf3-9399-edad489d950d","70019eb0-3006-4e40-a5ed-d3d546a58afe","select-one"
"c0b89ad8-d399-490c-9dfd-b2716a808924","default","","2b893e9a-9420-451e-be54-fa5c15033125","9736a1b7-04e1-4f0d-8795-ecd45152c240",\N,"freeform"
"c0c89c8d-9989-4ecb-bca2-b3dc2d9348c0","default","4th,state,whiteboards,left","ef3c3053-df25-424f-8a8d-9c0badb1c853","8e35b7cb-7f3b-4548-aa4c-62c41806b07f",\N,"freeform"
"c16baae5-84f7-4bb5-a3b0-769a07676b15","default","test,whiteboard 3","f5620af5-f23a-4afb-9d78-3e1c9f9a2456","68eda258-8a30-4c75-af90-cdefab7c81f4",\N,"freeform"
"c1cde0e1-9549-4d73-80cb-560affcd8414","default","","0754cfa0-9d90-4c14-a1d4-ddab3c510233","108d55e5-4c72-4b2e-82dc-40e27afccc9d",\N,"freeform"
"c226ccf7-e37b-4fbf-ac7f-bce8d8a48956","callout-display-location","CHALLENGES_1","63be7126-52d7-4e3d-b676-eb4f225f238f","fc3d042c-bdf6-49c3-8503-879e08c7cfcf","5c894bcf-edd8-43ac-93a2-d5dc118d3634","select-one"
"c27f5729-09de-4477-8b3e-a8f5b73acb27","default","","965f12ef-6265-4077-9e14-9e9fa9801fa5","bef51ffa-a860-4688-b9a7-e6cf7f27b9d6",\N,"freeform"
"c2f01942-45d1-4676-99d3-0e35c3e3a271","callout-display-location","CONTRIBUTE_2","f1c1f547-99e6-40cf-879f-4b27c9a62e2a","ce5fe0b1-d0d7-41d4-9453-d1b679b60a24","66559ee9-0294-461c-aa40-0ca0e4512a66","select-one"
"c34fe3bf-1958-4530-a1e8-906330dd5da7","default","","1976b4a3-cf8a-4a49-b545-5e542264f1d5","72891c76-f6c8-4b98-8283-6cd9725daaba",\N,"freeform"
"c3563d1a-a86b-48e4-a5f0-55aed9864654","keywords","","02d3576c-d9ef-4b75-a3ef-c2b6aa17b4ff","43afe9b8-f60e-4301-a1fd-5951e5e5af83",\N,"freeform"
"c3be816d-26c5-4376-84a9-5632a8a7d52e","default","","94aa2a27-85d2-4056-8093-ed6e143b5720",\N,\N,"freeform"
"c40727f6-7caf-4882-a380-42ad24988242","default","introduce,your,self","e32033cd-8130-49f3-88d3-3cd934eb0fd6","75b8b871-0614-4395-b2f7-6f63d6bc5b3e",\N,"freeform"
"c4442340-dec0-4f7e-9131-51660a9ce676","default","","ed681245-aaa8-4921-b429-dfd578f57749",\N,\N,"freeform"
"c4f9af4b-037d-46a5-b811-7fa8b05641f1","callout-display-location","HOME_0","79f0e077-adb0-488e-abce-87b32c626af2","036562a9-920a-43d9-b901-2cf23aa35965","6a5e917c-b354-490e-a5f0-f34f44cd8e79","select-one"
"c51db1fa-9e5e-48b3-93cf-550efb9faf35","default","","28877656-d7d7-4363-b6b6-518a57341ec5","258d27dd-fb57-4b1c-bc1e-08d0dfc4b7a3",\N,"freeform"
"c65d4bf8-ae7e-46ce-a1c9-66cafe857955","default","agile,user story","e946ae82-2296-4451-928b-156b318c5de2","0522a61c-c577-4a2c-9a47-180fd3150de4",\N,"freeform"
"c6c7b90c-4650-416b-81be-4b4609659664","default","","98671300-4bf4-4020-927b-7f3e80fdd3e7",\N,\N,"freeform"
"c713f686-e70c-4071-bf52-2dfcc9acb42e","flow-state","Implementeren","8edb52b4-54b9-4f53-beb2-a8c648ffe614","36727295-e464-48e4-9be2-1473a181d8a8","5c397620-8d2b-428d-ba5a-15d44399ba2c","select-one"
"c745f029-d37f-48a6-acf5-20c5a242aba1","flow-state","Definiëren","562bc3c3-99da-410a-887f-d3913c0310c2","d7f46ade-130a-43a5-86be-dc41ff1136ab","c34e023e-890a-4c8b-aedd-68260b41ee27","select-one"
"c8826795-f2a4-47b1-ac87-36a2f35a2a21","skills","","e42c233c-1340-4097-8d40-065f5059b528","0fffcfef-af4f-48cb-badb-4c61f3d27427",\N,"freeform"
"c895f546-d101-4f1d-bf39-30283b4a2e3d","default","single,whiteboard,dashboard,right","884b3447-d6cd-4b1c-a3aa-a033532dd4d9","82ff1fea-e5b7-446a-a1c7-0630b67eff0a",\N,"freeform"
"c8a1756f-167d-4a77-9782-6a12c73031d0","default","callout,whiteboards,challenges,left","b61236de-4592-40b7-ab48-8d7025953d31","fc3d042c-bdf6-49c3-8503-879e08c7cfcf",\N,"freeform"
"c8b9f7f8-8a6f-4f98-b519-3c9c9c2e537e","default","aspect,post,test,one","40b8fbc7-0b6f-434b-ad6c-402f2e4eea9c","726ff466-1f14-4752-9559-26f414eaa3ee",\N,"freeform"
"c8df1d79-8189-4033-bbde-c512d5e11184","flow-state","Parkeren","e7cea977-ce85-4ac0-aef6-be253f4395d1","750e3f5c-5798-45d8-b9b3-dfb2c49092d4","ae6bf6da-ed60-462f-a4a2-4349b2fd8a0b","select-one"
"c8f2b87f-9d68-4ae6-b75c-faed2011ce3a","flow-state","Definiëren","9aebaece-99ce-485e-a624-76ad341beadd","cefb99d1-2c79-47c8-a369-fe7057ed070d","2b42bcda-6ab2-4953-939f-225a94da5a46","select-one"
"c98919fa-0d69-4e65-bcd9-8894f0a9fe5f","default","","cbc37f97-540a-45aa-aafe-416b6e42cdaa",\N,\N,"freeform"
"c9f491fb-427b-4659-80ec-5eef3a9827d9","default","","60d29af6-ce95-4c4f-8a0e-d0c09dee94ba","b0ecb69f-e22e-4c2d-bc5d-3a0366549439",\N,"freeform"
"ca614aac-b32a-4a8a-8e58-2f5c3a583197","default","","a08efe3d-3032-435d-87d0-c7cef0399c56",\N,\N,"freeform"
"cb5fc040-2c0c-4404-b75b-751e063a3c6d","default","","e6c84c42-b4af-4158-8711-ee1092f0a2fb","4c1936ee-050e-4fb6-a2d0-b7c4790bc077",\N,"freeform"
"cc7db401-d0ba-4aa0-9281-2defb599a0a7","default","test,whiteboard 2","e946b0c9-3721-46e9-86a5-43f9198d1e73","a2b5f06b-cbcf-40aa-8053-316a3d81b369",\N,"freeform"
"cc8b0ec0-0cd0-487c-9522-c92b3ef0c008","default","Challenge,demo,space","029fd370-78f2-45a3-9476-106e828683f4","1e71539d-8c54-48d5-b438-389e1ea13495",\N,"freeform"
"cd13a2f1-d61b-42fd-8140-2fa96d17c3bd","default","","d2d8711a-6e51-4637-9b4d-c56af256f2c8",\N,\N,"freeform"
"cd47d129-4d4c-49b2-b3fb-bab2eb09be46","default","","a0f71b16-7f56-4ff4-94ff-a2756becdb17","1ed054d1-77f0-46b0-bda0-263b1a846039",\N,"freeform"
"cea8c1b0-d986-49fc-843e-2c1830cd69e0","default","","555a270f-1dbe-46cd-8f00-bf676c437189",\N,\N,"freeform"
"cead3d78-b29b-43c3-996b-ca7763dc7463","default","","c99b70d6-1156-4079-ba00-7065ffce5549",\N,\N,"freeform"
"cef13035-b841-40f5-a4e9-d480ecdd733c","keywords","","bdfd7733-f5b9-4711-9f44-f65589e4ac50","fc1e83dc-a45d-4adb-b2a1-3a3fdeea365e",\N,"freeform"
"cefdbdbc-764e-45be-93c2-c07c17c7ba0d","default","","97536c0d-3ffc-4de5-8c19-0087842c126b",\N,\N,"freeform"
"d074651d-42e7-46e2-9938-d036dc2a9ac7","default","Challenge - Exploreren","e9b8825d-7edc-482b-8492-0f3ca1fb63fa","25de3af3-3021-41d7-96ce-a07e70c24cdb",\N,"freeform"
"d1cde351-fb52-460a-b2bf-f794fba7138e","default","","bd16d960-4207-4e8c-9f8c-b4eba90d7ee5",\N,\N,"freeform"
"d246be90-6aec-46ca-b1c3-52f1f80184ad","default","","eedb15da-408a-49e1-8539-af49365da8eb",\N,\N,"freeform"
"d304a586-300f-4c7d-aa05-efdffdd68472","skills","","95394a49-556b-42aa-969c-7356fdf8990d","fd998011-7e9e-4bd6-b636-cfe034d46ab7",\N,"freeform"
"d3ef7fab-3c80-407b-922e-b4a0371fbab2","flow-state","Opp","c61e83ab-fc23-43d8-a19d-109cb2e82cb3","48dfd028-c6df-40f5-b685-437773474b00","9fb30137-2005-40e1-8bf3-dc6c49abef01","select-one"
"d45f7bbc-1570-47b9-9c80-52516ceac7d3","callout-display-location","HOME_0","fcef5c9b-eeb3-4c30-af25-9f2e5a54edd5","b7eb8e2e-31e7-44fc-828b-6fd4624a6a9a","b8025a13-cf6a-4538-8b64-612bf10daaa1","select-one"
"d564a60f-3af8-4603-ae2c-fdac759917c0","default","","48416da0-be11-4526-b073-8664f004f2b4",\N,\N,"freeform"
"d5875c41-e278-4b7d-9cb2-92bd9dc07445","default","introduce,your,self","156aa84d-aaf3-4fb9-85c5-b496a1872c41","0f06acc9-5ac7-474f-a6ab-23171816f34f",\N,"freeform"
"d68b75d6-70d3-4cd0-9cba-8fdd60b1a438","default","","c0b0da24-df48-4120-a837-fd7f6b15f53b",\N,\N,"freeform"
"d6af5e13-e6f9-4018-adf0-af9d58787f4d","default","","eb4f9949-0e6a-4586-809c-2948f9cd708b","c04ba402-a8fd-4234-bc49-e364d0a840cb",\N,"freeform"
"d7cdc96a-19c9-41e2-b542-ab77fe518483","keywords","","a9e61ce2-99b6-46e6-bd6e-2431737eee0c","7a2c4d56-e272-4fee-baa0-9d6baf8f9c5e",\N,"freeform"
"d83d4c18-5814-4b83-995a-263e2fa99369","default","","ede03e4d-0f22-4b4a-9bab-33c8f2c22a46","c6b4d4c9-f259-46cc-a485-0f9394e9caa9",\N,"freeform"
"d88695c6-a0d1-498e-a68b-b69235a89f30","default","","ba967517-7b45-411f-bbf7-9094c3c392ac","9845905f-955d-4b2a-aed1-41b2e04c04e3",\N,"freeform"
"d9348c9c-4500-46f1-bc88-3fd7c22ec2b3","capabilities","","325b8359-64c6-435e-bd6c-a619fe0fda64","99153bfc-c5aa-417c-803b-aa255cbd7df8",\N,"freeform"
"d98d3f40-1d4c-46b2-a08c-cf38688e2dd5","default","","fd10cde5-f6b9-45f5-936d-2944c7316ede","b238a6c7-ffd0-4301-9823-6b2ebb42923f",\N,"freeform"
"d999df0c-ff9c-4c1c-af8f-955acee72b41","flow-state","Voorbereiden","679a32ee-cc03-4f8b-a898-12e4cbf95303","6e23d9b2-db45-4269-b695-6d15e4553770","13907ee6-01e0-4c74-948b-bc833617b7ef","select-one"
"d9b0572d-4994-45ae-83ea-316b525ec7e6","default","","5c44f1ea-c807-476f-b74f-47c39aeabb6b","619f13d9-6bb7-412b-9f34-b5003a1f1b6d",\N,"freeform"
"da561bfd-4c25-45c3-a4bb-66b00bcddf5a","default","","307cf3da-6f3f-4ae4-b83e-656065e2c88c","7948b171-7c6d-4d7a-b7f4-c0931b17337f",\N,"freeform"
"dafe0072-3bbc-4487-b6cb-04008ff1486b","default","Aspect,default,callout,space","314b9ebe-14e9-4281-8f4a-f6faf83c7726","c22dbfe3-d913-44ce-99a3-df494a2caa30",\N,"freeform"
"db040e52-1730-4b0e-876c-14fe5a4f741e","default","","6f2b857b-125b-4aee-8e2e-726b092458b5","d7f97115-1e48-41cd-a463-0186dd6aacba",\N,"freeform"
"dc007eea-e9ad-46eb-8195-75bb51e21f75","callout-display-location","KNOWLEDGE","9b3b6b61-3277-4ae2-add5-3abb6caa5e7c","69be74e3-5717-4bb9-8420-dcd1486ca610","5c02202b-7d6f-422d-8076-6ce72f212645","select-one"
"dc827e34-7562-4c5f-a594-244ad7207453","callout-display-location","KNOWLEDGE","14857c4e-eb7c-43aa-8fe3-40a7ab9c173e","d241bc62-fe43-4b15-b54d-6aed5bf4dc42","c89c2ec4-ae65-4dff-b14b-027515904c89","select-one"
"dcfa48c7-d434-4e11-8303-08acca54df42","default","whiteboard,dashboard,right","57407a3d-88a7-44fc-8a51-422f81083a95","cc1b500d-f828-4e9b-b7bc-c8f6796bcc65",\N,"freeform"
"dd2d7471-8d98-4dff-b6cf-1e3402baa2f5","default","","a275df82-45b7-479e-8591-8eea226efc52","5a412f0e-8608-4000-83f9-24ae2e3568ea",\N,"freeform"
"dd4fe542-4469-40ab-b8ef-2812d8f4af32","default","","7012279b-bb46-49a7-ad47-f9be08d2c50a","1bbd0da4-9770-4e00-be29-9326c30ac8fc",\N,"freeform"
"dd77bd30-92ae-45b4-88ef-2368c269fd5e","skills","","950bc3f2-6cfa-4b3b-8894-d4691b0db10a","fc1e83dc-a45d-4adb-b2a1-3a3fdeea365e",\N,"freeform"
"ddf655d8-dd3d-4343-bc61-0ba8d7c4e15d","default","","c7358678-0ab2-456d-a808-bb031fc4b21d","20afcfb8-33c1-44a7-928d-2f63b2d2c3e4",\N,"freeform"
"ddfcb339-90cd-45ac-bfe1-678a5325efb4","flow-state","Opp","e442d014-ed5a-41b2-b2f6-beb9cffe4b6b","84a24792-a1b4-49f8-bf31-be0ad36805dc","ae6bf6da-ed60-462f-a4a2-4349b2fd8a0b","select-one"
"de78c4ae-302a-49c5-841e-48afa03221fa","default","exploreren - post","00ae2d33-b0a5-41d6-b867-e18998f412df","e3014159-d7f6-4b1d-a95a-7566f6a9527d",\N,"freeform"
"df085a8d-8e49-494f-b51a-8e41c34840d0","default","","a4b95ee1-e21c-4d83-ba24-59a7bdf0e2b7","ea2589b3-a534-491e-9c64-4b422d79d559",\N,"freeform"
"df105380-26c4-40be-8312-d862f8de1b20","callout-display-location","CHALLENGES_2","2b84f9dd-a006-4057-ad57-089622c7138e","f2a11a53-2b3d-4ea0-a6bc-b2af8287e685","5c894bcf-edd8-43ac-93a2-d5dc118d3634","select-one"
"df2782ee-6efb-48a6-b5d3-7daa83f49ead","flow-state","Voorbereiden","a1645c43-31ca-4923-a927-3cd6997861b9","e3f319fb-1e30-42ec-9675-5ac3b5d567f2","13907ee6-01e0-4c74-948b-bc833617b7ef","select-one"
"df70a406-7a14-4d45-acf7-31d7f238cd04","default","","08781837-7bf4-44fa-b44d-b5a11d7a70a2",\N,\N,"freeform"
"e019bd94-2590-46d0-991c-c381d6c202df","default","Opportunity-Definieren","8658dbfb-4ae2-41e5-b6d3-55fb080f0985","3f8b6def-bb2b-4e49-a2e1-d4c17fb6ef89",\N,"freeform"
"e0847588-4914-4958-aaab-a398722cb005","default","","ba5e4d97-820f-4e35-bec4-b6a9f193a386","461162ab-5caa-46a3-ac33-b9e7a2b2261e",\N,"freeform"
"e0c00041-ec3d-4949-9136-16115508f084","flow-state","Afronden","5f1cf2af-4661-4a82-95e2-be719330655f","e3014159-d7f6-4b1d-a95a-7566f6a9527d","5c397620-8d2b-428d-ba5a-15d44399ba2c","select-one"
"e0c83c54-4505-4b36-a6ae-32249ad261a2","flow-state","Specificeren","adf07b72-f100-4e52-ba86-e6b4bede79a1","7d45deac-6696-427e-920b-b8390cb052a3","ae6bf6da-ed60-462f-a4a2-4349b2fd8a0b","select-one"
"e10825f7-99af-43be-91c5-1e188df449f5","default","post,dashboard,left","4614f2c4-86d5-43f9-9f71-c520d5143104","92aa28da-b61f-475a-b8b1-7604e06c65df",\N,"freeform"
"e11ad82c-a364-42b6-acb4-6f724db68f6d","default","","12d9be07-016c-47a8-a5af-6e0f146509aa",\N,\N,"freeform"
"e1b75ce6-48d5-4619-bc2c-6e11ad8207c0","default","post,callout,dashboard,left","954c7b19-b04e-4b70-96b8-a1d02944748c","807c6790-00d2-4b7a-a179-995625c1505f",\N,"freeform"
"e1f084a1-f87d-44ac-a1ef-924ee5ea2041","flow-state","Exploreren","5fd6077b-c537-49cb-bf97-ddb101bf6d60","b10be681-21d1-4e8f-85e5-72cb1306a380","5c397620-8d2b-428d-ba5a-15d44399ba2c","select-one"
"e2109a2f-37a5-491e-b27e-9f1f391ab358","keywords","","69d0ddc0-536e-4a57-8b3e-3a6c571a054e","fd998011-7e9e-4bd6-b636-cfe034d46ab7",\N,"freeform"
"e2579ae8-fdce-4994-88f8-29a5840fde20","default","","82d72c83-c138-4aa9-ad7c-b14fba4b07ab",\N,\N,"freeform"
"e25df918-f53b-4908-8cd2-5115382c863e","default","","e3ae95b0-c40b-4ab6-b26e-0b65b6535c55","555d89fd-99a1-46c9-9053-94642c3ac932",\N,"freeform"
"e2b2bdc5-f08b-4543-bcde-32a585d751ab","default","test,whiteboard 3","c707e7fa-df50-4bb2-b14a-84a8abdf2a25","f8eee5d4-c2d1-4400-bc38-536de6884673",\N,"freeform"
"e39139ef-4bc5-43d5-aadc-3c5ebd809555","keywords","","771172da-fa98-4e8b-901e-08b1aed599f8","39fd88aa-2157-4ecc-b0f3-6ab080e5b99d",\N,"freeform"
"e3dc6ae6-f232-4933-86fe-e8f15743240f","keywords","","f56b80e3-bfc4-403e-aff0-8b200b743de9","99153bfc-c5aa-417c-803b-aa255cbd7df8",\N,"freeform"
"e4ec218c-e64d-4318-a3a9-7bd1dfcfa1fa","default","","9d883a02-5052-4578-90e2-347ed0986759","55030e41-f787-4e43-94c6-c85db1bec552",\N,"freeform"
"e51abfbe-a74a-4f82-aa44-2c3d4f22e38e","keywords","","a322ca81-cfd5-4345-adf7-76adc0693ce7","2e2d8388-bc5d-4e1c-9430-8679f697b40d",\N,"freeform"
"e57c49ef-1a2e-460c-8a1a-8b330a9156cf","default","","e259aec2-f54a-408a-8512-cf5ea04451af","0786669d-db03-4623-9a5d-24ca7bb4b419",\N,"freeform"
"e5c46c49-4a47-4e64-9dac-d79ab49f2cf6","callout-display-location","CONTRIBUTE_2","cd8d7aff-2ab6-4cf1-aba0-561a72dbafea","36727295-e464-48e4-9be2-1473a181d8a8","b8025a13-cf6a-4538-8b64-612bf10daaa1","select-one"
"e6083386-37f4-4eeb-a5d4-69803880f81c","default","","0a617db4-09b2-42b3-b795-25c9f1b97a1a","f4068c1a-128a-4417-8816-2d7518cc76dd",\N,"freeform"
"e688ff72-9d6e-4d39-84ef-f14b38b75e0e","default","","998e5d9d-ebeb-44b4-9172-b5e0073fa36e",\N,\N,"freeform"
"e6ab48c1-fe12-44a8-b582-6278e8dcf822","flow-state","Voorbereiden","d10752d9-eba6-403b-9d2a-9bbb43ebf605","153b48dc-c3cb-471d-a992-3d45f904f3bf","de703a3b-7e10-49c4-958e-d084a528a725","select-one"
"e6d43559-f421-4219-adec-86e1441be044","default","Opportunity-Definieren","debc8b29-5576-4da6-8eaf-120cac0ea296","ecc45762-b621-4f48-a340-8b7b78ca43d1",\N,"freeform"
"e72abc65-c87b-4f63-bfd4-e44434e4663d","flow-state","Voorbereiden","6fc211e5-479d-401d-819a-12de1bb1c1bd","9736a1b7-04e1-4f0d-8795-ecd45152c240","13907ee6-01e0-4c74-948b-bc833617b7ef","select-one"
"e76291cb-2898-4a51-825c-29fe95bf07a8","default","","edb239c4-6316-471e-95c1-701a4af824d8","ce5fe0b1-d0d7-41d4-9453-d1b679b60a24",\N,"freeform"
"e7d3a9d8-a182-4b3e-85c8-a221f9896a1f","default","","9e19e8c0-1087-4cfb-b6b8-428cb3848d13",\N,\N,"freeform"
"e903c9c6-77a5-4f26-b99c-06b980004ee4","default","","dee0deaf-4916-4797-bbb1-09de61bea25e","28408344-73df-488d-8130-0710535e6e8a",\N,"freeform"
"e9211244-c486-40ae-b59e-b577e7642df6","callout-display-location","CONTRIBUTE_2","d4899e80-e916-42dc-98cc-395acf9a5acf","adcdfcea-a476-479d-878e-16fbfb13c203","2d51968d-045b-44d2-9b2d-6cea57f5909a","select-one"
"e9af6e0b-67b3-4d56-882c-ff3a5a87cddc","default","","f2086b36-0c74-4953-b63d-a5d8777c9094",\N,\N,"freeform"
"eacba540-5d17-49fa-ac68-8ce8730815df","default","","c974e938-d031-4cee-822b-d5834a1c2a38","923dc3bb-3192-4d4d-85c6-417b30d27e72",\N,"freeform"
"eb18b7b3-486b-45a5-86d0-1e27ffff8e33","default","","62f3f6f2-dda2-4350-ad5c-7d584350edf3",\N,\N,"freeform"
"eb7a720c-06cd-491e-8e2f-5bf9bbf77148","default","","ddc9e6d6-3bbf-46cb-9954-93b1d156b235","bcf627a7-32d7-4b56-beee-ada914cc2cd5",\N,"freeform"
"ebfe53dd-ec4f-4f57-85f6-394ee24d11b5","default","","06c37deb-3a9c-4ffe-ae87-a3fe88674c6c","070ae266-8970-469f-91da-14792db6ee73",\N,"freeform"
"edf9d392-2e05-4d2f-bfe4-bb546d2ec09f","default","","26d7e40c-dd9e-4bcd-9e96-9e14917b8055","17868a60-6791-4f4c-a930-f9d33c2de7ac",\N,"freeform"
"ee79eaab-035b-4d4a-a00b-20fd318f8a0a","callout-display-location","HOME_0","de7dcec5-1c26-4676-a69e-eec1518a3567","f9da0a4a-eb8a-456b-a93e-13ce5aa448e7","66559ee9-0294-461c-aa40-0ca0e4512a66","select-one"
"ef125b23-e3c6-4b12-aa8f-5b497dde9e23","default","","8ad4bc06-942f-427f-a29f-209a11e3797d","749addf3-4044-4f50-bbbf-4fb7e11064d4",\N,"freeform"
"ef1cbb31-6f55-4b39-9f23-48228853e0fc","default","","84ffe156-a797-4f5c-aaa0-b42a4c8c8825","061da3f0-b02f-474c-9641-64f0bfa2bdc1",\N,"freeform"
"ef630636-0de3-4c26-ab00-58fc706a56ec","default","last,state,whiteboard,right","7b2b2bdf-99f8-42a6-a142-e47e53360bf5","adcdfcea-a476-479d-878e-16fbfb13c203",\N,"freeform"
"efec9f2b-2385-45e3-af7c-04cb1f1adc7d","default","","3b8563e4-3e63-475b-aff7-fad87c1f89a6","a8d803e6-dec1-4c14-8fc0-92550c1744e7",\N,"freeform"
"f00fa72e-7edb-4e1f-8044-70a1a76c620d","keywords","","1c6e11dd-137b-4ad9-8963-0ba808a8e3ea","5a66c2c7-63ce-4187-981f-c64bbaf4cd85",\N,"freeform"
"f024f5f0-b33d-475b-b6bb-f12c8c56bf87","default","4th,state,post,left","10285a67-d8ed-4d70-9498-119a6b82c5bf","811fb257-7bdc-49df-b4fe-411b60ee04be",\N,"freeform"
"f06db5b7-e9ff-402b-936e-130747bb9134","default","","2725d45a-6e02-4f64-85e0-ba60ab8ab183",\N,\N,"freeform"
"f06f5951-48f9-4e11-bdad-20943878749d","default","","62b83ecf-ea9a-4a22-a6e8-19dcadcb7a86",\N,\N,"freeform"
"f0c34568-d7d8-4550-909c-ca8075690e84","default","","3381e845-1ef0-4111-80ff-4900a38b758e","f9e2d1db-d21d-4f0a-81ba-42004947da1c",\N,"freeform"
"f1cebdf1-e078-4ddd-b236-5073f04fe116","default","public,challengo,information","dc9c659b-99f4-4b7e-aa43-c1b3f8cd2153","25d54910-b90c-4466-8365-12f55d38e464",\N,"freeform"
"f22f926f-ac76-43ff-8a3e-615e446a8d91","default","","399c5aba-525b-48d9-b535-1981b366a366","1e9298a4-ff1a-4d4e-97c8-309cd0743790",\N,"freeform"
"f303e347-c576-47ae-ad5d-439c9582d8fa","default","","b0c8be26-0b6f-4ee2-9d59-13f412b6ef57","e884e9ce-1fa2-4050-8b10-54a6f13d888b",\N,"freeform"
"f32ac0eb-9699-4155-b1a9-2de831f8ea87","default","Closed,call,posts,knolwedge,right","846b12ea-6999-4362-9fda-0770347551ce","50251ea1-3e1b-4c54-8e7d-ead8e8b86979",\N,"freeform"
"f3b9f6b1-6663-40a4-bb5a-af20f550ea93","default","test,whiteboard 3","82e81697-3314-4733-90bb-8689ce354b24","eb6faa40-310f-404f-aaf3-b4c6b41dd496",\N,"freeform"
"f3de0302-f955-4ac6-952f-07286da04411","flow-state","beingRefined","d8a75cc4-0f2a-4c90-81d6-83bae8d232e2","cb6614f5-6b6e-4f5c-bb8b-e536491923fd","ec3c82e9-d7d4-4e12-8718-3a2b8590c0fe","select-one"
"f3e394f3-d172-4d19-a733-240da0349b94","default","Opportunity,all,data","0b3160b8-fa2d-49b2-b71f-0b2ccf1775f2","254e0911-f04c-4dab-b428-bf94529fab35",\N,"freeform"
"f41ea5ce-d8d5-4ece-92e5-0618b148f3c5","default","","2b0fd519-4e62-4567-b045-4978b32cd937","e2b547fd-ad2e-4ebe-8b64-e68cd7228a60",\N,"freeform"
"f4484da3-00fb-4894-b7d1-f7ec896907a2","callout-display-location","CONTRIBUTE_1","d02cc00d-584b-421c-8331-4a38234395bd","92cd701f-e9b2-4fcd-9cb5-dcd3b28499d1","2d51968d-045b-44d2-9b2d-6cea57f5909a","select-one"
"f47d2758-de2c-4d05-9644-1f0ab3077391","flow-state","Parkeren","5d61101f-2ec3-4787-916c-6597e91f6073","380b9fc1-7355-4b0a-a6ce-fa4911f798bb","2b42bcda-6ab2-4953-939f-225a94da5a46","select-one"
"f4901440-f74a-4fbd-abc6-f65b25e8e70e","default","","97a2ce1b-e585-4cb8-b2be-7f0c7ba6a319","21d9802e-a387-4e59-9a7d-8c6006d2c09c",\N,"freeform"
"f4fbbf60-cade-4a89-9443-707607d4531a","default","1st,state,post,left","a830d393-b2f1-4af6-a035-112f46b06a8e","b4e2294f-5008-4b00-baea-2aff45880365",\N,"freeform"
"f54cc323-1f79-422b-8cba-278851d47e7c","callout-display-location","COMMUNITY_1","a937e3d8-5d2c-4bc3-909b-8a9b9422feba","6f903295-cb2b-4b13-a755-2bb65e3e6c07","5c894bcf-edd8-43ac-93a2-d5dc118d3634","select-one"
"f6801c7d-acbc-4cb1-ad40-35005dd29e7b","default","Challenge - Definiren","30548954-b5e0-45f9-b534-a7c6d54e5ca6","4ead137e-77b9-48a3-acfe-1a3813ab8fb2",\N,"freeform"
"f7862065-78f7-4426-b24b-4c3a624a6f8e","callout-display-location","KNOWLEDGE","845452ab-4eec-438f-bd4e-c824d1da8b30","3ec3e6f4-7a67-4de8-9cb7-ba2a6e5df792","5c894bcf-edd8-43ac-93a2-d5dc118d3634","select-one"
"f81281d9-86ce-4bed-ad38-8a088f8b38df","default","","8ca383e1-dda3-497e-8ed6-ab18d420cd55","49e9451c-57f6-43df-8558-10b12455eac8",\N,"freeform"
"f8680559-bba1-4408-aa87-7d2db62eb504","default","","0be2a5b4-855d-4b8e-baed-1c3e7f896bb4","321418cc-1262-4c70-a9d4-65d9c0a9472e",\N,"freeform"
"f8f34743-9fa2-4476-8da0-ce991b246c0f","default","","6a037ca8-6d93-4e6a-9b96-9bbdea6166ce","84fc0684-b0d5-4e2d-b918-97205f7e346b",\N,"freeform"
"fa073d8d-e59d-4441-a7d8-4e6e77173b9f","default","","a0dd39f8-7556-406a-8f94-01b6baadd975","b9f067af-d494-4693-be46-371ffe4fd261",\N,"freeform"
"fb108a76-7eaf-4ca7-9e33-290c15ebee62","default","second,state,whiteboard,right","869408a9-f6ad-4231-acac-78a2ebea8331","8822b9a0-1c34-4688-ba8b-d28ea231d90e",\N,"freeform"
"fb56c752-8f03-4f9f-9315-b1e9aaa490d9","default","","9ab514e8-3f31-4acb-84a4-4c4b47fb979d","8dc57dd1-766e-4d4b-9e59-a99b7d27e1da",\N,"freeform"
"fbb8933e-241d-465e-9252-35e1970ed16e","default","","2041c2b2-9eba-44f6-afc0-971f6911218c","136456da-08b1-443f-abaf-0e3df3efdd05",\N,"freeform"
"fbcd76f7-3dde-4142-b932-c77ac214b65b","callout-display-location","HOME_2","eb1b58d4-51af-4237-aeba-445b0b0576d0","82ff1fea-e5b7-446a-a1c7-0630b67eff0a","5c894bcf-edd8-43ac-93a2-d5dc118d3634","select-one"
"fc1203e0-3f7a-4991-8e5e-34ac1788e760","default","Opp-Exploreren","7af409e9-e669-48df-97d1-d37eb380a8b3","515e5847-2e68-4258-a371-32485ea8cf59",\N,"freeform"
"fc41bc39-9e45-4dff-bb39-1ad4a9bc8fd2","default","Challenge - Definiren","4d51f650-80ba-42d5-a1ed-47202147240e","1aa8c863-fbc1-4f0d-989a-6bdbd0cfde1e",\N,"freeform"
"fc5edb67-a8b1-429b-bb31-8f25b9e7b4fc","default","","574e5aff-3aa0-4b5e-903c-d4988aaee3ea","6857aa99-903b-406a-bd29-0892bde6dbb5",\N,"freeform"
"fc81428f-1d9b-4667-b896-f6107b7a93d3","callout-display-location","OPPORTUNITIES_2","b0bfbbc3-e8ec-4620-b7b7-d99f888f79ea","99dd4b49-a75e-4ae7-ab2a-d3683d36bf8c","b8025a13-cf6a-4538-8b64-612bf10daaa1","select-one"
"fcb84964-4994-4835-bdb5-1a33583a6755","default","","40292df8-d07c-468b-b994-0c9e52d689bd","3c96904c-3426-4645-bece-2113d0c623c1",\N,"freeform"
"fd3af9ed-07db-4313-bcdb-d117017cc3a4","default","","e9a309df-058a-46c6-b79b-4c0fcff962f9","e08290eb-6aa5-4c2c-8e71-0b7499472d06",\N,"freeform"
"fd65d70a-29b9-49c0-a80d-2f09ec166fe7","capabilities","","fe50c428-2923-4c8a-9b81-0eb09637e631","66520596-9e2f-444c-9a10-532181c56da1",\N,"freeform"
"fdc9428c-88dc-42a3-9dfe-0bbe40acf836","default","","c6ebd7c3-86d2-43ee-bc7d-c8a74ff80329","3a4644b5-5bc0-48fb-bec0-66a374c8c8c2",\N,"freeform"
"fe61adcc-2e1a-45d9-9c1d-22e941847412","callout-display-location","HOME_2","1f63f21b-5c26-4e65-a8fe-04cca923365c","258d27dd-fb57-4b1c-bc1e-08d0dfc4b7a3","5c894bcf-edd8-43ac-93a2-d5dc118d3634","select-one"
"febd5079-86a1-44d5-a721-8dfc32699395","default","","20cdfe6b-73ca-43c0-844d-f1c78dbf50d1","d0e16608-1b19-4292-81c3-56d226bf7474",\N,"freeform"
"ff4275c5-d7b3-48f4-8dde-6a3fb2b89fe0","flow-state","Voorbereiden","4e0440cb-003f-4a3e-8a9e-dfd458770539","923dc3bb-3192-4d4d-85c6-417b30d27e72","13907ee6-01e0-4c74-948b-bc833617b7ef","select-one"
"ff764f3f-1e2b-4f59-910a-af4cbc84d3e6","skills","","9ed3b582-6a87-4b09-a6fa-d0124ab98e67","08aa04ab-fb7c-4412-ae2f-3072b04289b4",\N,"freeform"
"ffc1f472-2360-4492-b7a4-eb29b1dc638e","default","","dcedbb03-1f16-4d1b-8282-e100179fd76b",\N,\N,"freeform"
