"0023d855-66ae-43d6-b09e-0bc7d56859cf","bannerNarrow","","307","410","192","256","1.6","image/png,image/jpeg,image/jpg,image/svg+xml,image/webp","e0a21cbf-9bb3-4676-9128-619c88840369","21cd5325-6558-4fa8-8ca0-7b5675ed9bc5",\N
"01061ead-1aea-46ea-8002-4a5f2d19dbf5","banner","http://localhost:3000/api/private/rest/storage/document/a3267551-82a4-4a10-82a7-7f60ffbddbe6","384","1536","64","256","6","image/png,image/jpeg,image/jpg,image/svg+xml,image/webp","4e431e88-37af-4eb6-8209-d4206d3f70a7","3c96904c-3426-4645-bece-2113d0c623c1",\N
"015b87cf-6c60-44d6-a554-e5d624de565e","bannerNarrow","","307","410","192","256","1.6","image/png,image/jpeg,image/jpg,image/svg+xml,image/webp","e96f224c-78c5-4c80-8961-80240065a7f8","9a5a7ee3-5cd7-44e2-8467-507a04892517",\N
"02116a49-1f4e-4942-8561-88d7171e97c5","avatar","http://localhost:3000/api/private/rest/storage/document/c041d314-af55-4a01-82ce-bf5a6c52219c","190","410","190","410","1","image/png,image/jpeg,image/jpg,image/svg+xml,image/webp","0535b0b1-c06a-4b1b-b3ae-cfaff0c5a488","3b51a070-c9bf-4f32-a8e9-e09a12712e57",""
"031d9e7c-e781-4667-9f63-68c7d4acfff1","banner","","384","1536","64","256","6","image/png,image/jpeg,image/jpg,image/svg+xml,image/webp","452d3ab2-14c8-4c7c-a804-9abab2deb830","e378b236-7b73-4158-8aee-a2ee9051cb04",\N
"0387f040-fde8-44b2-b9d4-e691ee3d199e","banner","","384","1536","64","256","6","image/png,image/jpeg,image/jpg,image/svg+xml,image/webp","9387843a-70ed-4991-ad15-803a9c28ec9a","c22dbfe3-d913-44ce-99a3-df494a2caa30",\N
"0796c756-fe1c-446d-be6d-66b67938cd46","bannerNarrow","","307","410","192","256","1.6","image/png,image/jpeg,image/jpg,image/svg+xml,image/webp","8074123f-24e5-4c29-af13-d6c8f4c3dc06","c106fe13-da43-476b-9981-3ee9692912e6",\N
"07d9f66d-07d2-499c-8615-50502232c792","avatar","https://eu.ui-avatars.com/api/?name=Eco1 Host+&background=fac406&color=ffffff","190","410","190","410","1","image/png,image/jpeg,image/jpg,image/svg+xml,image/webp","3375037f-975e-497f-a5df-2da6f273873f","99153bfc-c5aa-417c-803b-aa255cbd7df8",\N
"08cc142a-8e1c-4696-bf19-9e73470f468d","bannerNarrow","http://localhost:3000/api/private/rest/storage/document/6c135429-6427-4920-84ac-5cd2bc87195a","307","410","192","256","1.6","image/png,image/jpeg,image/jpg,image/svg+xml,image/webp","2f87fa3e-068e-47f5-8bb3-d4ff288ec571","aecdc548-dc78-4315-91dd-468cfc64a838",\N
"08dc91fd-960f-4be1-883e-a3206d37f4e8","bannerNarrow","http://localhost:3000/api/private/rest/storage/document/6254a67f-5406-4afb-af18-a321c0521460","307","410","192","256","1.6","image/png,image/jpeg,image/jpg,image/svg+xml,image/webp","15d9fb5a-0726-4900-a009-2a48db9ccf47","d7f46ade-130a-43a5-86be-dc41ff1136ab",""
"092140eb-3329-4536-98f9-7acb53582ace","bannerNarrow","","307","410","192","256","1.6","image/png,image/jpeg,image/jpg,image/svg+xml,image/webp","b363b20c-9317-4935-b444-27f6e8af648f","7f8ba9f3-7838-47cd-93d4-004bc4288523",\N
"0924c84f-3715-43ae-b372-e8df2e08e084","bannerNarrow","","307","410","192","256","1.6","image/png,image/jpeg,image/jpg,image/svg+xml,image/webp","c8a3fe20-c6be-46c2-be77-7bb4c7d75a99","fc2ac1ff-0309-4251-962f-2c071f3f139a",\N
"0af50704-503e-46ad-8e54-fb736f291081","bannerNarrow","","307","410","192","256","1.6","image/png,image/jpeg,image/jpg,image/svg+xml,image/webp","2b801c8a-608c-4dc0-9dd0-3743c91981fd","bef51ffa-a860-4688-b9a7-e6cf7f27b9d6",\N
"0b48960d-3dc1-415e-becc-33c7ab19a5df","bannerNarrow","","307","410","192","256","1.6","image/png,image/jpeg,image/jpg,image/svg+xml,image/webp","34c08dcd-c2fa-4ce9-a7f0-486f76af0e73","5221fa5f-bc6c-40ee-b482-38dd769be76f",\N
"0e4c920f-0d9d-4d03-b079-f7b2d34479c4","bannerNarrow","http://localhost:3000/api/private/rest/storage/document/fc8eeab4-8dee-491b-a20b-47b39e1b939a","307","410","192","256","1.6","image/png,image/jpeg,image/jpg,image/svg+xml,image/webp","d430e4f2-df51-4033-9b14-846e51fdb975","f8b400aa-9c07-4437-9a1f-b0f32f7b404b",""
"0fb7e297-5391-4fb4-9828-835dbc5c1d63","banner","","384","1536","64","256","6","image/png,image/jpeg,image/jpg,image/svg+xml,image/webp","dddfc719-18bc-4ac1-871c-29f688cee677","c9f3eb91-49e2-4307-8ef8-27113f70db32",\N
"10d6fe38-6a3f-40fa-ab97-c252f2f6eead","bannerNarrow","","307","410","192","256","1.6","image/png,image/jpeg,image/jpg,image/svg+xml,image/webp","e710de8a-451c-4285-8088-af34a4b60164","bcf627a7-32d7-4b56-beee-ada914cc2cd5",\N
"1344d593-9228-40f0-9096-a6e41d0ec1dc","bannerNarrow","","307","410","192","256","1.6","image/png,image/jpeg,image/jpg,image/svg+xml,image/webp","e44b1bc0-0214-4449-b236-95d20bd3e74d","c9a0b001-b63b-4925-b392-730ff4651be9",\N
"1386afd9-07ff-4a80-ad7b-d47c6183c9cc","bannerNarrow","","307","410","192","256","1.6","image/png,image/jpeg,image/jpg,image/svg+xml,image/webp","27aa6bf0-699d-4287-a127-1062221946d2","2aadaaab-01bb-41c6-9b8c-1db9e9b7a2ad",\N
"13ca28b2-9655-43e3-ba6e-aebc2520a0ce","bannerNarrow","","307","410","192","256","1.6","image/png,image/jpeg,image/jpg,image/svg+xml,image/webp","edf5b177-0579-4dfe-ba48-5f6a0bae8201","879981aa-2bec-49df-b62e-c8bc9ed35a19",\N
"14ba26b5-c132-4af5-aa3c-eb2e428fe39a","bannerNarrow","","307","410","192","256","1.6","image/png,image/jpeg,image/jpg,image/svg+xml,image/webp","41ef5f97-5ee5-4e2c-9ab9-37fd33205093","aeb7c160-42a7-48b0-b935-6dec8a9c6f86",\N
"1576cfdc-289a-4ad3-a19e-29dbedf3d935","bannerNarrow","http://localhost:3000/api/private/rest/storage/document/d04a9a99-e3ec-430e-8be5-73da5616dd01","307","410","192","256","1.6","image/png,image/jpeg,image/jpg,image/svg+xml,image/webp","e7bf7b39-1a28-4e1a-9be8-bcdd165f1411","eea8aa31-cc56-46b5-b11a-c1831d7150f3","public image"
"15a4f070-184f-458a-98df-282fef0028df","banner","http://localhost:3000/api/private/rest/storage/document/b0f93a77-8d09-4c0c-b3e0-5f483a99d1c7","384","1536","64","256","6","image/png,image/jpeg,image/jpg,image/svg+xml,image/webp","fe4033e7-ca0c-437c-a403-c17ceda2a3c4","eea8aa31-cc56-46b5-b11a-c1831d7150f3",""
"165f596f-d65c-4a1b-95e6-d559d403984d","banner","http://localhost:3000/api/private/rest/storage/document/921f5519-38bd-41d0-bbb5-0c92a6bfc44d","384","1536","64","256","6","image/png,image/jpeg,image/jpg,image/svg+xml,image/webp","805d840b-b0b2-45d2-bd09-9d1f9f197e69","a71a8843-18bb-4a71-bc71-9f6d2b7d18d3",""
"18039cef-5c22-45fe-9c3c-717b0e7abcb3","bannerNarrow","","307","410","192","256","1.6","image/png,image/jpeg,image/jpg,image/svg+xml,image/webp","f90b065d-f606-4bcb-b266-c5a0a319b337","abac57d9-0abd-49be-8d2d-0279199984f8",\N
"188a1713-fc5e-4b59-bc19-7bb56f4d9451","bannerNarrow","http://localhost:3000/api/private/rest/storage/document/b780db52-ee38-49d9-9a09-d22780d31668","307","410","192","256","1.6","image/png,image/jpeg,image/jpg,image/svg+xml,image/webp","cf654728-35c1-4bb2-917d-ea22f165fcd9","583ee7cf-1d46-4d20-8e08-ae63fc6d69dc",""
"1b3d8406-18af-400d-b40f-6450dd3793fc","avatar","http://localhost:3000/api/private/rest/storage/document/0a50427c-beb1-4da7-abba-7c3598da4f1c","190","410","190","410","1","image/png,image/jpeg,image/jpg,image/svg+xml,image/webp","7197fa7b-85a7-4b82-b5c1-519f714904df","e378b236-7b73-4158-8aee-a2ee9051cb04",""
"1ba591d9-bffa-4ba8-8144-8bab0f1964e7","bannerNarrow","","307","410","192","256","1.6","image/png,image/jpeg,image/jpg,image/svg+xml,image/webp","9254fbab-efaf-4b18-8e9e-c59898fefa9a","eac9c268-e329-403a-b514-81a59681aeb2",\N
"1c506513-ca81-40f3-958e-1cfe80af7e2c","bannerNarrow","","307","410","192","256","1.6","image/png,image/jpeg,image/jpg,image/svg+xml,image/webp","5ef97956-f22a-47e9-b2fd-7a79c1c7ef71","4c1936ee-050e-4fb6-a2d0-b7c4790bc077",\N
"1d88fd88-6742-4f58-ba0e-9cdac170fd85","banner","","384","1536","64","256","6","image/png,image/jpeg,image/jpg,image/svg+xml,image/webp","c61e29dc-432f-4dd9-9e68-c89ffab90884","eb499a0e-ea1e-48b6-90a3-3db64a39685e",\N
"1e0a33ae-786d-4272-94aa-191b2f273362","avatar","http://localhost:3000/api/private/rest/storage/document/fa85457f-4b6f-4fe6-b3e7-0872f9548b64","190","410","190","410","1","image/png,image/jpeg,image/jpg,image/svg+xml,image/webp","4d6ab5d0-88a9-43c4-8905-5a83b33aa5e9","1e71539d-8c54-48d5-b438-389e1ea13495",""
"1e3a05c9-46cb-432e-b663-c2fbde52710c","bannerNarrow","http://localhost:3000/api/private/rest/storage/document/b88b6b30-13ff-4a8e-b0d5-8dd67dee6632","307","410","192","256","1.6","image/png,image/jpeg,image/jpg,image/svg+xml,image/webp","4a7ce963-695a-4364-bb24-97729f4169d6","8dc57dd1-766e-4d4b-9e59-a99b7d27e1da",\N
"1fb1d0a1-47eb-4047-9e7a-c23f5584835d","bannerNarrow","","307","410","192","256","1.6","image/png,image/jpeg,image/jpg,image/svg+xml,image/webp","07f5664f-c710-420d-8f7b-a6913eea3b8a","457b5a37-ee2f-44a2-929e-c5983a37bc33",\N
"1feb0b3a-6c9c-4850-9084-aca076dbb727","bannerNarrow","","307","410","192","256","1.6","image/png,image/jpeg,image/jpg,image/svg+xml,image/webp","9769ecfc-8470-44f9-8265-b0d7465c0789","a7ca01bd-f4e9-4273-861f-1c64cb3aa57a",\N
"20224e2e-0323-4b42-bd2d-f115783e7e21","bannerNarrow","","307","410","192","256","1.6","image/png,image/jpeg,image/jpg,image/svg+xml,image/webp","29bd06df-e620-4ed5-9d08-811a2220d479","0b664236-7b5c-4d36-ae0c-7148d3f5a56d",\N
"2217f49f-8363-488a-ab16-d8c860ca51a1","bannerNarrow","","307","410","192","256","1.6","image/png,image/jpeg,image/jpg,image/svg+xml,image/webp","6b367283-1811-4466-9b36-1b3079e65148","997e7f44-d54f-44ce-b800-1c8f98449ea4",\N
"2428eb26-8ef7-4804-9eeb-b59ee6b0b660","bannerNarrow","","307","410","192","256","1.6","image/png,image/jpeg,image/jpg,image/svg+xml,image/webp","b31c392d-01b5-4063-a84c-08ac642e00de","f4068c1a-128a-4417-8816-2d7518cc76dd",\N
"26727d12-2727-4b92-9a07-d8f879fedcee","bannerNarrow","","307","410","192","256","1.6","image/png,image/jpeg,image/jpg,image/svg+xml,image/webp","4a436f73-068b-4a08-b4c3-124171ed70a0","28408344-73df-488d-8130-0710535e6e8a",\N
"2959e445-5a9d-4591-8e68-957148c18aef","bannerNarrow","http://localhost:3000/api/private/rest/storage/document/181983e3-c381-4801-89e7-2e3fdc661dc0","307","410","192","256","1.6","image/png,image/jpeg,image/jpg,image/svg+xml,image/webp","a1d6ac0e-0c3b-489b-b5cf-0ccf76d2489e","434a45b8-e1a6-45bf-954d-d7e852fef3f8",\N
"2adacc7f-6163-4052-b54b-ec71de51d83d","bannerNarrow","http://localhost:3000/api/private/rest/storage/document/e352c729-2471-4f12-ac7f-2543e80382f4","307","410","192","256","1.6","image/png,image/jpeg,image/jpg,image/svg+xml,image/webp","3c31f022-31bb-485b-b87e-fe16a67b250d","ea2589b3-a534-491e-9c64-4b422d79d559",\N
"2b11d557-e21d-4fa4-9829-5973ebaca6a5","bannerNarrow","http://localhost:3000/api/private/rest/storage/document/062df1a5-66e4-47d8-9a8a-6e03f5c6dd21","307","410","192","256","1.6","image/png,image/jpeg,image/jpg,image/svg+xml,image/webp","e27330f3-3efa-422f-83ab-f0eee653f6c9","136456da-08b1-443f-abaf-0e3df3efdd05",\N
"2b61ef66-b940-4e54-8702-a3520a911d71","bannerNarrow","","307","410","192","256","1.6","image/png,image/jpeg,image/jpg,image/svg+xml,image/webp","6c618983-334a-46fe-8280-41f2729240f8","108d55e5-4c72-4b2e-82dc-40e27afccc9d",\N
"2c7ffa03-3bb5-4ab6-948e-305c0f658ed9","bannerNarrow","http://localhost:3000/api/private/rest/storage/document/12e5f170-385d-40bb-9a17-a1bf68065823","307","410","192","256","1.6","image/png,image/jpeg,image/jpg,image/svg+xml,image/webp","e789bf97-0e66-43fe-89cd-148d6a5ec1cd","1a90456e-70e9-42d4-b6cd-cbc904f7633c",\N
"2ddd9972-0c09-49ed-9d51-b0f674437bca","bannerNarrow","","307","410","192","256","1.6","image/png,image/jpeg,image/jpg,image/svg+xml,image/webp","a7891f76-e4c4-461c-a0ca-2ee3637cdb21","c22dbfe3-d913-44ce-99a3-df494a2caa30",\N
"2f110784-1530-4a3d-a7be-167dad8be01b","bannerNarrow","","307","410","192","256","1.6","image/png,image/jpeg,image/jpg,image/svg+xml,image/webp","d6098ddc-0c86-4486-b44a-82760f7bf714","515e5847-2e68-4258-a371-32485ea8cf59",\N
"30638034-fc8e-4812-b4fc-dee26a1d10ff","bannerNarrow","","307","410","192","256","1.6","image/png,image/jpeg,image/jpg,image/svg+xml,image/webp","9f157beb-1bf4-440a-b425-f8c459c61298","16fc1c40-af83-449f-a949-180c4cfdc555",\N
"30818ad3-49fb-407c-b2a2-579bf9b35dd4","bannerNarrow","","307","410","192","256","1.6","image/png,image/jpeg,image/jpg,image/svg+xml,image/webp","619d152f-f798-4334-bccd-8e505620bbf0","e08290eb-6aa5-4c2c-8e71-0b7499472d06",\N
"3102e565-50f6-4c84-8fcc-80a69944c0c1","bannerNarrow","","307","410","192","256","1.6","image/png,image/jpeg,image/jpg,image/svg+xml,image/webp","e3bb9e45-33ef-4367-be62-c0cb28d35e26","1a2dd967-a9fe-4ad8-b77b-3e56d9055b89",\N
"319b5846-2ccb-4ea8-97be-d6c35dbbcf87","bannerNarrow","","307","410","192","256","1.6","image/png,image/jpeg,image/jpg,image/svg+xml,image/webp","d4032d50-640b-4e48-a3e5-8821d120eed0","4ead137e-77b9-48a3-acfe-1a3813ab8fb2",\N
"31bf3008-0cbc-4e3f-a17c-7d1d82acb668","avatar","http://localhost:3000/api/private/rest/storage/document/3d426171-1043-402b-9850-5603c149da95","190","410","190","410","1","image/png,image/jpeg,image/jpg,image/svg+xml,image/webp","c0a1eac3-2ce3-4cc7-891b-344b702442c4","4bed834e-e69a-48d7-9d2a-de06b850f593",""
"365b9ca3-e816-4d92-9021-2237a32056f2","bannerNarrow","","307","410","192","256","1.6","image/png,image/jpeg,image/jpg,image/svg+xml,image/webp","5a49f566-680f-453b-9eb7-34e755e9d503","eaf218e5-6f26-4435-9afd-96d344c78346",\N
"37200aef-d548-4f08-ad26-7e2b0b93848f","banner","","384","1536","64","256","6","image/png,image/jpeg,image/jpg,image/svg+xml,image/webp","bcb0c412-0582-44f6-991e-69948daa82aa","065260f1-59ca-4868-8591-e300e85d15ef",\N
"37bcd172-121a-4be8-b173-0eeda47a7534","avatar","","190","410","190","410","1","image/png,image/jpeg,image/jpg,image/svg+xml,image/webp","2a898c93-5c32-4a2b-883d-a5ae7f7d66ad","40ce182e-30b5-45ec-b029-bf46e1990d43",\N
"384562c9-212c-4ce8-9b56-4b698d050774","avatar","","190","410","190","410","1","image/png,image/jpeg,image/jpg,image/svg+xml,image/webp","835da0a9-32f8-4afe-a966-edcf6745cb82","f8b400aa-9c07-4437-9a1f-b0f32f7b404b",\N
"384bb541-5ec4-443b-b574-28402db09493","bannerNarrow","http://localhost:3000/api/private/rest/storage/document/a5a65cc3-1a7c-4e67-b500-476d8d6be909","307","410","192","256","1.6","image/png,image/jpeg,image/jpg,image/svg+xml,image/webp","825e5cd7-a933-4138-802f-07df586c2d41","70239a75-e904-466e-94da-e124f9a4b6a1",""
"38a92617-b93a-412f-af5e-c31f9134f239","avatar","https://eu.ui-avatars.com/api/?name=admin+alkemio&background=4a21a4&color=ffffff","190","410","190","410","1","image/png,image/jpeg,image/jpg,image/svg+xml,image/webp","7dbd7f10-22ce-485d-960f-ee3cc5fd3c21","6a29a3c3-c120-4e2d-9dbc-84c895f3734d",\N
"397fab1c-cafc-4bb5-81a8-3bf1812c7ad4","avatar","http://localhost:3000/api/private/rest/storage/document/b1954ee5-5c1f-4d13-a35d-d7e061cfbf15","190","410","190","410","1","image/png,image/jpeg,image/jpg,image/svg+xml,image/webp","4924afde-b5d0-42e3-985f-99d12085cd73","254e0911-f04c-4dab-b428-bf94529fab35",""
"3a95a772-9632-4988-bf0f-6034894f9e7e","bannerNarrow","http://localhost:3000/api/private/rest/storage/document/df483daa-4bf4-4759-9c96-f2e6292fe3f5","307","410","192","256","1.6","image/png,image/jpeg,image/jpg,image/svg+xml,image/webp","25de7d57-7f5a-4e57-9c83-a56da2ca2b99","e4d1ccc4-54dc-45b7-a5f6-1c3b40e8e8b6",""
"3e81d042-0f18-4055-8dd1-3021b06810ef","banner","","384","1536","64","256","6","image/png,image/jpeg,image/jpg,image/svg+xml,image/webp","cbecb22f-5c6d-4074-badd-31cc983e4885","21d9802e-a387-4e59-9a7d-8c6006d2c09c",\N
"40bdfdde-94f0-41c4-9164-278f9ed8c172","bannerNarrow","","307","410","192","256","1.6","image/png,image/jpeg,image/jpg,image/svg+xml,image/webp","27c4edc3-11b7-406b-a9f6-247e9583eee1","b83faa1e-dea3-4e12-a40c-9bf8d27150ce",\N
"41285e8d-4ba7-4c9f-b05f-423905a7f780","banner","http://localhost:3000/api/private/rest/storage/document/2be2c56c-7b94-43da-9afb-c007b7af41b3","384","1536","64","256","6","image/png,image/jpeg,image/jpg,image/svg+xml,image/webp","af84fe90-4bda-42fb-9b09-96cd3a63a63b","434a45b8-e1a6-45bf-954d-d7e852fef3f8",\N
"418577aa-14ef-4a27-a2cc-5c958fcd367f","bannerNarrow","","307","410","192","256","1.6","image/png,image/jpeg,image/jpg,image/svg+xml,image/webp","250729ef-febd-4d62-b54e-c57c4f5684d5","20afcfb8-33c1-44a7-928d-2f63b2d2c3e4",\N
"425c453e-a62e-4335-90cd-dc99e57c83a7","bannerNarrow","","307","410","192","256","1.6","image/png,image/jpeg,image/jpg,image/svg+xml,image/webp","e1710fbd-dc74-4e01-9517-5cbc9d48e407","516cacce-c3d8-488f-a80f-421cff85d495",\N
"4262c87a-14ef-4a30-9bcd-13d28c7ebe4b","avatar","https://eu.ui-avatars.com/api/?name=challenge+member&background=cf5798&color=ffffff","190","410","190","410","1","image/png,image/jpeg,image/jpg,image/svg+xml,image/webp","958ea572-7cec-4321-8f14-0cdd71026d6b","2e2d8388-bc5d-4e1c-9430-8679f697b40d",\N
"429b270a-25d7-401d-86b0-44eaa0c9ab06","banner","","384","1536","64","256","6","image/png,image/jpeg,image/jpg,image/svg+xml,image/webp","b18a0877-6011-48b3-978b-ce454d357115","cd21556f-a40e-4f92-ac34-714be72f090c",\N
"4627ffba-6faa-47ec-a69c-e31a71f002b8","bannerNarrow","","307","410","192","256","1.6","image/png,image/jpeg,image/jpg,image/svg+xml,image/webp","d7de28f1-8e04-4541-998b-0feca2500f36","31b4d927-f7e0-4789-9daa-ace974c5eab1",\N
"475fa6cd-e2eb-476c-ae0e-bdc429f35d4f","bannerNarrow","http://localhost:3000/api/private/rest/storage/document/9d757507-b435-446f-9c49-01adb756a04b","307","410","192","256","1.6","image/png,image/jpeg,image/jpg,image/svg+xml,image/webp","d9732667-843d-4c32-baa3-4ba9188a45f0","9f26592c-1971-41fc-bed0-f3dcf6b1d66a",""
"47c29b37-414e-4447-943f-e45822d2f8b7","bannerNarrow","","307","410","192","256","1.6","image/png,image/jpeg,image/jpg,image/svg+xml,image/webp","2d21562f-8ebe-433b-8fdb-66da7e94339c","b15bfea2-a686-48f0-ba9c-eff8a59f057c",\N
"47e9f86d-c222-4862-b9e9-91676eaa4c52","avatar","","190","410","190","410","1","image/png,image/jpeg,image/jpg,image/svg+xml,image/webp","8d19588c-504c-4481-96b9-7e0ba6bf266b","a71a8843-18bb-4a71-bc71-9f6d2b7d18d3",\N
"4aafc821-3ac0-4e31-8439-02049edf1add","bannerNarrow","","307","410","192","256","1.6","image/png,image/jpeg,image/jpg,image/svg+xml,image/webp","b7c8d8a8-5860-4995-8b43-9886082793ea","b102f505-ea07-4fa6-98a9-4fec797454fe",\N
"4acb3ce0-b803-4c60-9f04-5ea406195392","bannerNarrow","http://localhost:3000/api/private/rest/storage/document/bdbe19e5-08aa-4b3e-a85f-1ef52f8e2963","307","410","192","256","1.6","image/png,image/jpeg,image/jpg,image/svg+xml,image/webp","30f68eee-d949-4873-a55a-02acc8586e35","25d54910-b90c-4466-8365-12f55d38e464",""
"4c98d350-6df5-485b-b0b7-c17372c04704","avatar","https://eu.ui-avatars.com/api/?name=community+admin&background=37af4b&color=ffffff","190","410","190","410","1","image/png,image/jpeg,image/jpg,image/svg+xml,image/webp","30c37e85-88dd-4876-8580-723c196c0dfc","39fd88aa-2157-4ecc-b0f3-6ab080e5b99d",\N
"4d44f970-3687-44bd-9a02-efef0c26c1fe","bannerNarrow","","307","410","192","256","1.6","image/png,image/jpeg,image/jpg,image/svg+xml,image/webp","cdb037ac-618c-4e6f-95e8-f4fdad2db928","726ff466-1f14-4752-9559-26f414eaa3ee",\N
"4f5755f2-ecdf-4db1-8f99-52d70f563fb3","bannerNarrow","","307","410","192","256","1.6","image/png,image/jpeg,image/jpg,image/svg+xml,image/webp","124fd07c-f59b-4a5a-a86b-b2d0b2ac83e2","9845905f-955d-4b2a-aed1-41b2e04c04e3",\N
"4f6c0e89-7415-4d89-9444-66470b1b2e6f","bannerNarrow","","307","410","192","256","1.6","image/png,image/jpeg,image/jpg,image/svg+xml,image/webp","81c9889e-1d9f-458b-a7c9-11145c7fd603","9d65da96-4d0b-4b61-8286-712461d1bc2c",\N
"500d66a0-e81e-4686-8852-375cc3451811","avatar","http://localhost:3000/api/private/rest/storage/document/23258743-ab16-4bcc-b211-a9482445f4c8","190","410","190","410","1","image/png,image/jpeg,image/jpg,image/svg+xml,image/webp","4023c791-1afe-4776-b9b1-ca7a4438a08a","25d54910-b90c-4466-8365-12f55d38e464",""
"505e183e-c974-41db-bbbc-170788268b74","avatar","http://localhost:3000/api/private/rest/storage/document/9b82aec9-5201-4d5b-b3fd-78e87ae2f7c2","190","410","190","410","1","image/png,image/jpeg,image/jpg,image/svg+xml,image/webp","87bc0c69-a865-4738-b4c4-8bc586db7d9c","8ef34990-f917-4bd9-9b56-16e34d0f6129","test"
"52071879-63d3-4486-b8d9-63e1761aa8ee","bannerNarrow","","307","410","192","256","1.6","image/png,image/jpeg,image/jpg,image/svg+xml,image/webp","8043770e-0f71-4c2b-9060-bab42d1c3453","49475f60-0ca5-4801-a626-30bee52d0826",\N
"523bf25b-377b-4157-ae6d-5b1d49b4feb4","bannerNarrow","http://localhost:3000/api/private/rest/storage/document/a59d973a-9b60-4ed9-8492-45909983fdc0","307","410","192","256","1.6","image/png,image/jpeg,image/jpg,image/svg+xml,image/webp","b3c3fa6b-6f64-4901-a5cf-d26a824bac7b","c9f3eb91-49e2-4307-8ef8-27113f70db32",""
"534f4c4e-1726-4bf6-b2e6-62a1fa31313f","banner","","384","1536","64","256","6","image/png,image/jpeg,image/jpg,image/svg+xml,image/webp","1bb00d10-caac-46ad-8666-eb7565b8205c","1e71539d-8c54-48d5-b438-389e1ea13495",\N
"5692416e-5528-433f-9a14-4c5c8cc29d8a","bannerNarrow","","307","410","192","256","1.6","image/png,image/jpeg,image/jpg,image/svg+xml,image/webp","57975473-b314-462f-b046-01e929c824e7","ab009c52-ba21-4de0-a8b6-1426c5d994ae",\N
"5725cc65-1e2b-4e8f-912d-d7f685b11377","bannerNarrow","http://localhost:3000/api/private/rest/storage/document/e1a054c0-343a-414a-8cfd-c7732e9779f2","307","410","192","256","1.6","image/png,image/jpeg,image/jpg,image/svg+xml,image/webp","35a7e8f1-f943-4cc7-b5b6-6b5299e7a212","afe2fb5e-bbb3-4b47-874f-43893502b564",\N
"57c947eb-48cf-4c47-aec6-0d9f1d1b824e","banner","","384","1536","64","256","6","image/png,image/jpeg,image/jpg,image/svg+xml,image/webp","d56fd0df-2fe7-4fec-9c36-81b294efe6f8","c61056e0-f48e-4507-b939-67d80901f8a6",\N
"5e73e825-f435-44ed-94e0-ef0b38bfe45d","bannerNarrow","","307","410","192","256","1.6","image/png,image/jpeg,image/jpg,image/svg+xml,image/webp","96dbab8c-31ca-4f59-9fb2-61f7be655413","52aff2eb-c410-4050-9510-578d260cc293",\N
"5f96fbe6-0bf2-42b0-9fa1-e466cdd6c37e","bannerNarrow","","307","410","192","256","1.6","image/png,image/jpeg,image/jpg,image/svg+xml,image/webp","a2b1d52e-5471-4043-bad1-4a1397a71ab9","4e6d00d2-94d0-4f91-b236-7ca0fac52046",\N
"621d71eb-b48b-4c2f-b74c-6209711e165d","bannerNarrow","http://localhost:3000/api/private/rest/storage/document/9b20b975-7d3c-4daf-8717-b3c24a641738","307","410","192","256","1.6","image/png,image/jpeg,image/jpg,image/svg+xml,image/webp","c8bea9c3-d8f7-42ff-a861-60a878f744f0","b0ecb69f-e22e-4c2d-bc5d-3a0366549439",\N
"62453af3-7e80-4f36-a81c-0e71c9b47938","avatar","http://localhost:3000/api/private/rest/storage/document/35128ac5-d9fe-4171-80c9-6071254bc7d8","190","410","190","410","1","image/png,image/jpeg,image/jpg,image/svg+xml,image/webp","5ed9ba68-d8c2-4cab-b5bf-f2ba919247ae","66520596-9e2f-444c-9a10-532181c56da1",""
"62ba0400-1ece-4050-96c4-c912cfbf29ed","bannerNarrow","","307","410","192","256","1.6","image/png,image/jpeg,image/jpg,image/svg+xml,image/webp","7d0582ca-2caf-49d7-a5ff-88851b3aa6af","a98e0f12-bd8c-4b27-8784-88f2cccc4b5c",\N
"63a72ca5-ee31-41a9-a4dc-443f7d07eb9a","bannerNarrow","","307","410","192","256","1.6","image/png,image/jpeg,image/jpg,image/svg+xml,image/webp","32dbf970-6e11-4100-9e3c-eb906c073fc5","8e71560e-e7b5-46d9-a047-3168fe2c4706",\N
"64bfad12-c0fc-4da6-bea7-d307ff369c71","bannerNarrow","","307","410","192","256","1.6","image/png,image/jpeg,image/jpg,image/svg+xml,image/webp","aaa9d2da-8404-426a-ba46-c9321e680698","b3c3599a-ce06-490c-9e45-2e3ffff3bd06",\N
"64c6db97-0d6d-46d7-ad05-e69a6798293c","bannerNarrow","","307","410","192","256","1.6","image/png,image/jpeg,image/jpg,image/svg+xml,image/webp","4b9adafe-da60-4bcc-ac22-dc6fa8d639b0","41a697f6-169c-45be-8020-91c655ceefd1",\N
"66751c19-5406-41ef-866a-6beaec91ebaa","bannerNarrow","http://localhost:3000/api/private/rest/storage/document/a3567110-d017-4da7-a35c-29b7b624b4f9","307","410","192","256","1.6","image/png,image/jpeg,image/jpg,image/svg+xml,image/webp","f0d51f0a-a32e-40cb-b9c7-b181955f2e85","af2a26c6-6071-46ad-8490-d9912f1e5aa5",\N
"6a066127-0597-40a6-80f7-17cd5c86ce42","bannerNarrow","","307","410","192","256","1.6","image/png,image/jpeg,image/jpg,image/svg+xml,image/webp","562bee99-849e-4b89-876a-f90cafe788b2","63f799e6-e2f0-49b0-8e6e-1843b9fb5801",\N
"6a5814c7-6555-48ca-beba-244ced436d93","bannerNarrow","","307","410","192","256","1.6","image/png,image/jpeg,image/jpg,image/svg+xml,image/webp","c077acde-aee5-46cd-9260-1a2026dda456","c85fabfe-8420-4329-9712-22522391d46c",\N
"6a74529f-1eec-4193-a6ec-70456ee9e3cd","banner","","384","1536","64","256","6","image/png,image/jpeg,image/jpg,image/svg+xml,image/webp","334297d8-68ad-4ab2-8217-f83b08cbe1f6","8e71560e-e7b5-46d9-a047-3168fe2c4706",\N
"6ce04d8e-3ef2-48eb-b909-6db0097b326e","bannerNarrow","","307","410","192","256","1.6","image/png,image/jpeg,image/jpg,image/svg+xml,image/webp","edbef763-d030-40d5-ae49-319df69bc559","a8d803e6-dec1-4c14-8fc0-92550c1744e7",\N
"6d832a96-d729-4357-9c6a-b3bea5a95fb3","bannerNarrow","","307","410","192","256","1.6","image/png,image/jpeg,image/jpg,image/svg+xml,image/webp","dbff6c7f-6db2-4973-9e1f-ce63082f7de5","cfb2ac2f-3c76-4946-b30c-aaeadea5f116",\N
"6e6bda7e-6d76-4f0d-bad0-fd79040e7a3b","banner","","384","1536","64","256","6","image/png,image/jpeg,image/jpg,image/svg+xml,image/webp","daa093b9-8196-43fd-b4f2-3ffdfa537fea","877a4562-c0de-4f0b-ae8d-83207131c0df",\N
"711e2396-be2f-4d85-add5-62e952d3ad0a","bannerNarrow","","307","410","192","256","1.6","image/png,image/jpeg,image/jpg,image/svg+xml,image/webp","e59db890-2c18-4cd5-8bad-494850a5e3b2","c61056e0-f48e-4507-b939-67d80901f8a6",\N
"712098c4-1bb2-4fed-b7ec-9bdc40af4e02","banner","","384","1536","64","256","6","image/png,image/jpeg,image/jpg,image/svg+xml,image/webp","3e915172-8123-4858-83e4-c5764e16c47a","ce650212-f555-40dc-a2f8-cd70408f5431",\N
"736e2ea7-39f8-4a45-8d5c-6ed7a5bbff93","avatar","https://eu.ui-avatars.com/api/?name=opportunity+admin&background=f7e710&color=ffffff","190","410","190","410","1","image/png,image/jpeg,image/jpg,image/svg+xml,image/webp","51fa95c7-ee00-4bf1-ae3a-b9ecc667b88c","5a66c2c7-63ce-4187-981f-c64bbaf4cd85",\N
"746b717a-f10c-454f-a52a-826a799db80b","bannerNarrow","","307","410","192","256","1.6","image/png,image/jpeg,image/jpg,image/svg+xml,image/webp","f5345b52-c03a-4a3c-8e52-901d976f0021","ecc45762-b621-4f48-a340-8b7b78ca43d1",\N
"74f0a93d-c6c3-4143-b346-9f003da8b8a4","banner","","384","1536","64","256","6","image/png,image/jpeg,image/jpg,image/svg+xml,image/webp","dcd5c189-d3ce-456f-bf30-9b9c39832823","5a412f0e-8608-4000-83f9-24ae2e3568ea",\N
"75c0bc40-b6ef-49bc-9912-2d1c1ab46835","avatar","https://eu.ui-avatars.com/api/?name=non+space&background=1ed02a&color=ffffff","190","410","190","410","1","image/png,image/jpeg,image/jpg,image/svg+xml,image/webp","62727fb7-2a49-456d-a521-d3e1c5d49af1","4c4b2253-c8ba-42d7-92f2-309075fd2175",\N
"768d721f-8ce5-4485-bdf2-8b7cc05fb7c6","banner","","384","1536","64","256","6","image/png,image/jpeg,image/jpg,image/svg+xml,image/webp","fc789a44-ceca-4261-8332-2e0c6cf774af","1f5c603a-41a3-4c8b-821c-419d2b31591d",\N
"77c7612e-a412-452c-a352-4fdb1dbc5204","bannerNarrow","http://localhost:3000/api/private/rest/storage/document/a9a97aa3-de74-430d-8869-0164ea9a2fc5","307","410","192","256","1.6","image/png,image/jpeg,image/jpg,image/svg+xml,image/webp","889ca5ee-9f52-4584-a899-1d0bb63f6a2e","be3c8062-a9c8-4914-b4dd-37bebde9abf4",\N
"78c9f990-6d9b-4286-af54-4c849130f6b0","bannerNarrow","","307","410","192","256","1.6","image/png,image/jpeg,image/jpg,image/svg+xml,image/webp","131fe9b8-05f1-4ad3-ae2a-c31ca213414d","c0b6ef7a-4534-4ed5-bb13-1c737fda3488",\N
"799d0d5a-2f10-483b-8441-ef63bdf25f5e","bannerNarrow","","307","410","192","256","1.6","image/png,image/jpeg,image/jpg,image/svg+xml,image/webp","673b8cf1-96d2-4951-bafb-12c573170a9e","e8b682f4-8523-43a0-a57b-195a331198c0",\N
"7adbbc85-fa80-40bf-99dc-73373441f385","bannerNarrow","","307","410","192","256","1.6","image/png,image/jpeg,image/jpg,image/svg+xml,image/webp","a545957d-cf11-4591-8bb7-2fb5431e2dae","396093a9-1537-4082-921d-4fa0bfdb930a",\N
"7e57af57-d8ad-4247-a3d7-5c66c02f56cf","bannerNarrow","","307","410","192","256","1.6","image/png,image/jpeg,image/jpg,image/svg+xml,image/webp","30dc99ec-9169-4db0-9418-69ed767713e7","94e70c3a-54eb-4963-8d46-bbfc2651bc7d",\N
"7e696897-0d04-4724-9a33-bdc86998aaf6","bannerNarrow","http://localhost:3000/api/private/rest/storage/document/e8262766-f5d3-405e-af70-f543218eddf1","307","410","192","256","1.6","image/png,image/jpeg,image/jpg,image/svg+xml,image/webp","c53b817a-9e7a-4191-aaed-71690e6dfc8c","4767842a-6b21-44bb-96a1-8d39c34cf070",""
"7e94906a-6f7b-4e9d-a302-925de0f5fe67","avatar","https://eu.ui-avatars.com/api/?name=space+member&background=e38b6&color=ffffff","190","410","190","410","1","image/png,image/jpeg,image/jpg,image/svg+xml,image/webp","5c179881-c307-47b4-8174-bb7cb8e705ec","4f2a550a-d7bd-4608-aa10-e5ba9d6f8d5f",\N
"7fe05420-b5e5-4651-97a8-37a27dcb58c9","bannerNarrow","","307","410","192","256","1.6","image/png,image/jpeg,image/jpg,image/svg+xml,image/webp","a47b728b-d4d9-4256-968b-e6da9972c9ba","b5b3e70e-3994-45ab-b6d9-7c10623725b6",\N
"7fe642a6-fafd-44a9-827e-895a3f86b1bf","bannerNarrow","","307","410","192","256","1.6","image/png,image/jpeg,image/jpg,image/svg+xml,image/webp","9fe569f4-5bc1-4490-a866-e5e8448a321c","ce650212-f555-40dc-a2f8-cd70408f5431",\N
"830b75a5-bff7-4a50-b0c4-75aff70505e5","bannerNarrow","http://localhost:3000/api/private/rest/storage/document/09412266-0f06-47e9-979b-de71cb50adf7","307","410","192","256","1.6","image/png,image/jpeg,image/jpg,image/svg+xml,image/webp","50c258a3-6099-4fc6-83cc-715490e6ef49","4d26e521-c3fa-4507-bb4d-29ed1e34a111",""
"83ad4cc9-7a64-4e4e-bc47-72c4d60c3f84","avatar","https://eu.ui-avatars.com/api/?name=space+admin&background=f77f3a&color=ffffff","190","410","190","410","1","image/png,image/jpeg,image/jpg,image/svg+xml,image/webp","1877a64b-b0ee-4b7d-92e0-c4705172dba4","43afe9b8-f60e-4301-a1fd-5951e5e5af83",\N
"85026ae9-646c-4c6e-a584-291f6286d3c2","bannerNarrow","http://localhost:3000/api/private/rest/storage/document/5b63668b-867b-4db6-964a-234c79af5173","307","410","192","256","1.6","image/png,image/jpeg,image/jpg,image/svg+xml,image/webp","3574ccda-c45e-45e7-ba76-d34875140d12","a71a8843-18bb-4a71-bc71-9f6d2b7d18d3",""
"86294064-5f62-4c83-b5d6-363e1a0c6f01","bannerNarrow","","307","410","192","256","1.6","image/png,image/jpeg,image/jpg,image/svg+xml,image/webp","3fabacb4-cfcd-47ce-90e7-3ecd325fea6a","3f8b6def-bb2b-4e49-a2e1-d4c17fb6ef89",\N
"86393ca7-2dc8-4737-9481-95de6b8ddfb1","bannerNarrow","","307","410","192","256","1.6","image/png,image/jpeg,image/jpg,image/svg+xml,image/webp","822919fb-472f-4888-9eb0-f273855acaad","04c33fdd-685b-4c79-bd98-09062361e822",\N
"863c84bb-4f7c-4561-aa28-9c2d01abfd8f","bannerNarrow","","307","410","192","256","1.6","image/png,image/jpeg,image/jpg,image/svg+xml,image/webp","51d51522-9385-430f-aeb9-16dc8b69eaeb","cc25193b-11a9-4b63-ad1e-312ee30a253e",\N
"8810f14c-831a-4abc-9f7c-c732a731dc5e","bannerNarrow","","307","410","192","256","1.6","image/png,image/jpeg,image/jpg,image/svg+xml,image/webp","a0079865-d862-4b21-9e12-0d626eb3e6f8","0ba0cee7-6481-4d5c-91e4-70655886b398",\N
"8816bb4e-f993-4f08-8a42-257fa3599866","bannerNarrow","","307","410","192","256","1.6","image/png,image/jpeg,image/jpg,image/svg+xml,image/webp","0f98885f-727a-49fc-b161-c1d7b12725e6","3fdee5e9-2b9a-47e5-aae9-530cd7fb51b6",\N
"8882bec0-bc37-407e-8a15-07151cd08686","avatar","http://localhost:3000/api/private/rest/storage/document/d4a93fbe-0d37-4aef-b124-b642d27b5a01","190","410","190","410","1","image/png,image/jpeg,image/jpg,image/svg+xml,image/webp","afec12e8-83ec-4d76-a12b-2bb6ae5134c6","c9f3eb91-49e2-4307-8ef8-27113f70db32",""
"88adc337-537f-42b7-87ff-6ee2ee7caa51","banner","","384","1536","64","256","6","image/png,image/jpeg,image/jpg,image/svg+xml,image/webp","ea64f506-76f4-452e-9e96-5e0254aeca8c","b83faa1e-dea3-4e12-a40c-9bf8d27150ce",\N
"892a3010-324e-4dc9-b04c-85a1ae4fc0a1","bannerNarrow","","307","410","192","256","1.6","image/png,image/jpeg,image/jpg,image/svg+xml,image/webp","f0488586-e8e2-44e9-839e-c29362a4ef19","7948b171-7c6d-4d7a-b7f4-c0931b17337f",\N
"892f44d4-0325-4769-a34a-a0868622705f","bannerNarrow","","307","410","192","256","1.6","image/png,image/jpeg,image/jpg,image/svg+xml,image/webp","7dcdb03c-7c05-4186-aa51-3723e3303665","1cfcb353-a84f-446f-abb7-d13ef431ac9e",\N
"89a291c9-bb04-4e44-aa74-6d2ef0cbf140","bannerNarrow","","307","410","192","256","1.6","image/png,image/jpeg,image/jpg,image/svg+xml,image/webp","7ff36868-285a-4a8d-88d1-3957ec0066c9","75b8b871-0614-4395-b2f7-6f63d6bc5b3e",\N
"8a5d7002-9cd6-4159-8823-6e0d67b3e14a","avatar","https://eu.ui-avatars.com/api/?name=challenge+admin&background=86ea50&color=ffffff","190","410","190","410","1","image/png,image/jpeg,image/jpg,image/svg+xml,image/webp","26713b8b-3381-44fd-ae63-ffd6306172bf","7a2c4d56-e272-4fee-baa0-9d6baf8f9c5e",\N
"8a605271-d421-45d0-ba8a-c318090f26a0","bannerNarrow","http://localhost:3000/api/private/rest/storage/document/d3553808-702d-403b-9ef1-9188e3ee28b4","307","410","192","256","1.6","image/png,image/jpeg,image/jpg,image/svg+xml,image/webp","97f08df4-13b6-499e-b832-0710c0a7895a","2ccfdfab-8bd3-4d72-8a3a-19202faf1730",\N
"8c720f35-76cb-42b2-88c3-1345b6519d74","bannerNarrow","","307","410","192","256","1.6","image/png,image/jpeg,image/jpg,image/svg+xml,image/webp","37a56262-135a-4d57-8528-3831b7d53fa4","555d89fd-99a1-46c9-9053-94642c3ac932",\N
"8ca21c67-65db-467f-9246-ddb41330872d","avatar","https://eu.ui-avatars.com/api/?name=qa+user&background=5e7339&color=ffffff","190","410","190","410","1","image/png,image/jpeg,image/jpg,image/svg+xml,image/webp","89c60e90-b724-4955-a259-1312b5388326","08aa04ab-fb7c-4412-ae2f-3072b04289b4",\N
"8ce85fb8-16bb-44dc-a930-9c6ca93af22b","bannerNarrow","http://localhost:3000/api/private/rest/storage/document/4e2901af-638a-4dd3-9ba2-c1ce1e0d0e88","307","410","192","256","1.6","image/png,image/jpeg,image/jpg,image/svg+xml,image/webp","007e224d-2aa9-46a0-9bc6-b294a208c803","1e71539d-8c54-48d5-b438-389e1ea13495",""
"906873cb-faff-466e-a1d0-8d12aab433c0","banner","","384","1536","64","256","6","image/png,image/jpeg,image/jpg,image/svg+xml,image/webp","c889eef0-c36f-4cab-8e9e-97ee6319333c","aa09d76d-7739-4310-b9d9-d44560fd751d",\N
"921fe55b-72ce-4f30-9581-816600f50db1","bannerNarrow","","307","410","192","256","1.6","image/png,image/jpeg,image/jpg,image/svg+xml,image/webp","85f791e6-62a5-4953-920b-f67e59542ea4","a2b5f06b-cbcf-40aa-8053-316a3d81b369",\N
"9396a644-c155-4a3d-8fe6-72ddcae0fcf9","bannerNarrow","http://localhost:3000/api/private/rest/storage/document/442dcf2c-08ad-43dd-862f-646b60d03615","307","410","192","256","1.6","image/png,image/jpeg,image/jpg,image/svg+xml,image/webp","fcfecb1c-071d-4999-95a6-c4410b7ad957","1a7a771e-b4d2-4316-994b-84d52364d9d9",\N
"9399c58d-38e8-4784-a4c8-49b454612b31","bannerNarrow","","307","410","192","256","1.6","image/png,image/jpeg,image/jpg,image/svg+xml,image/webp","41c2f85d-9e9a-4999-8d57-fdfff2b52345","a2ed0ac9-49b0-4e08-83b8-96fcee8c277e",\N
"940e5209-692c-4370-ba4c-2aeaa7ba6a36","bannerNarrow","","307","410","192","256","1.6","image/png,image/jpeg,image/jpg,image/svg+xml,image/webp","a93cf638-6ee7-4301-a449-f06599089d43","57c33d10-2ced-4fc9-9604-894597e1c139",\N
"950b6dff-8597-4e29-99b2-03c87f3a8648","bannerNarrow","","307","410","192","256","1.6","image/png,image/jpeg,image/jpg,image/svg+xml,image/webp","060eb849-dc3a-43f4-b161-53f5f7567e38","4172f66b-1662-47a0-a639-15ad226305de",\N
"96742cde-b106-4744-bf7f-c658200fed17","bannerNarrow","","307","410","192","256","1.6","image/png,image/jpeg,image/jpg,image/svg+xml,image/webp","1b55462d-257d-4882-87ac-0b835631c010","563d10a3-ef4c-4c9b-9d7e-baa084db9e49",\N
"9712d9ed-3f7c-45a7-839e-fe8d085d5658","bannerNarrow","","307","410","192","256","1.6","image/png,image/jpeg,image/jpg,image/svg+xml,image/webp","38f29b9b-64f0-47ad-b900-99bc50f401bf","5a412f0e-8608-4000-83f9-24ae2e3568ea",\N
"9827c90d-78b2-486e-81db-06a535d8b79c","banner","","384","1536","64","256","6","image/png,image/jpeg,image/jpg,image/svg+xml,image/webp","0ef75875-7f8d-4c3a-bd75-b95bd9ce5d94","49475f60-0ca5-4801-a626-30bee52d0826",\N
"98a049ea-fd29-4096-a0e9-bae1aee79d38","bannerNarrow","","307","410","192","256","1.6","image/png,image/jpeg,image/jpg,image/svg+xml,image/webp","b0babcde-1a61-49b8-9efb-a1315d2e10c5","90f21a28-7c64-4ca7-b1ac-ca0abafc7297",\N
"99639ec8-9a3a-483a-b937-b3fd53b63593","banner","","384","1536","64","256","6","image/png,image/jpeg,image/jpg,image/svg+xml,image/webp","3767450f-748f-46a1-949a-b161a5ca816b","e71058bc-d83d-4576-8438-4e1c5eab6f9c",\N
"99b5cb83-32da-4fcc-aa13-70d5ca3f8e2d","bannerNarrow","","307","410","192","256","1.6","image/png,image/jpeg,image/jpg,image/svg+xml,image/webp","03c0c141-3a5b-4f2f-9269-37aa3cbabf02","35e821e7-582d-453e-be8b-c5137a9025ea",\N
"9bc48158-ceeb-47a2-9dda-617b8ecf80bd","bannerNarrow","http://localhost:3000/api/private/rest/storage/document/907e7d5f-5dde-42f0-80b4-7369d7f1b2fa","307","410","192","256","1.6","image/png,image/jpeg,image/jpg,image/svg+xml,image/webp","9afde50a-2cc8-4700-bb4d-e9bb48d7bc2b","e378b236-7b73-4158-8aee-a2ee9051cb04",""
"9bcffe44-671e-4c25-adea-088350d52a63","bannerNarrow","http://localhost:3000/api/private/rest/storage/document/a4fdcd1f-7833-4458-b1ed-c3465ea50d5a","307","410","192","256","1.6","image/png,image/jpeg,image/jpg,image/svg+xml,image/webp","dffe2ad1-d3aa-4b99-96ce-c89171be6499","4bed834e-e69a-48d7-9d2a-de06b850f593",""
"9c490786-c048-4895-8844-31298c1b890b","banner","","384","1536","64","256","6","image/png,image/jpeg,image/jpg,image/svg+xml,image/webp","9806adb3-8634-4396-952e-637592dbf30d","4bed834e-e69a-48d7-9d2a-de06b850f593",\N
"9ceba621-2ff1-478c-bc06-3094dc999b20","bannerNarrow","","307","410","192","256","1.6","image/png,image/jpeg,image/jpg,image/svg+xml,image/webp","661bdfa2-9126-4910-b7f9-80551cf4007b","6cf6ae25-82e2-46b2-b410-da42844dbd07",\N
"9d5342f7-9868-42f0-bd29-fba1a288c972","banner","","384","1536","64","256","6","image/png,image/jpeg,image/jpg,image/svg+xml,image/webp","b57c56d1-148d-4bad-ab71-f5102159609c","52aff2eb-c410-4050-9510-578d260cc293",\N
"9e01c0d9-ab7d-43f6-a60c-94dbb0e67de5","avatar","https://eu.ui-avatars.com/api/?name=notifications+admin&background=c2af80&color=ffffff","190","410","190","410","1","image/png,image/jpeg,image/jpg,image/svg+xml,image/webp","485bd2d9-968f-4a56-99c0-b30e60d78006","0fffcfef-af4f-48cb-badb-4c61f3d27427",\N
"9e3909af-85ff-45f4-bb6b-f3e37207c8f9","bannerNarrow","http://localhost:3000/api/private/rest/storage/document/85be521e-7bd3-4ea2-908f-a9518f83c124","307","410","192","256","1.6","image/png,image/jpeg,image/jpg,image/svg+xml,image/webp","06661e98-afef-4194-bb6d-2064d890a7b1","3675c72d-67cd-4e99-b6af-5627c66181b9",""
"a00b3360-7657-4e34-a355-fcea98cd2805","banner","","384","1536","64","256","6","image/png,image/jpeg,image/jpg,image/svg+xml,image/webp","a6d170d1-dfef-4319-bafd-f87a6cf32968","254e0911-f04c-4dab-b428-bf94529fab35",\N
"a0ba0da8-7631-4a9c-8605-8a0f151684a4","bannerNarrow","","307","410","192","256","1.6","image/png,image/jpeg,image/jpg,image/svg+xml,image/webp","543f49ce-1e6d-4382-ad8f-08ddcee0c821","ab77ecd5-7e66-4358-b94a-129c419f9a05",\N
"a0c1b83a-1617-4100-86f1-dbf973b154cd","bannerNarrow","","307","410","192","256","1.6","image/png,image/jpeg,image/jpg,image/svg+xml,image/webp","873b2b28-91fb-4c13-aa18-0b5d1a90d986","eb499a0e-ea1e-48b6-90a3-3db64a39685e",\N
"a0d7dc99-e541-4a5f-817a-a03dee05e482","bannerNarrow","","307","410","192","256","1.6","image/png,image/jpeg,image/jpg,image/svg+xml,image/webp","4379f200-7d57-4478-8f3c-f4219be428f8","35439bac-152d-417b-82ed-9a3cfbde5347",\N
"a167b310-f324-49c6-96cf-f7ce5057d635","bannerNarrow","","307","410","192","256","1.6","image/png,image/jpeg,image/jpg,image/svg+xml,image/webp","11b18c8e-bc1a-4aa0-b239-4d922e8e57de","065260f1-59ca-4868-8591-e300e85d15ef",\N
"a2a07383-7a60-45fc-9add-7da838327cf7","bannerNarrow","","307","410","192","256","1.6","image/png,image/jpeg,image/jpg,image/svg+xml,image/webp","b18f9d6f-1f4a-419f-ba12-80992bc7914e","d71bec3a-1742-42bb-8e7c-69372aa2b1e7",\N
"a3a19178-8336-4c95-9c3a-b2067dcfff25","bannerNarrow","","307","410","192","256","1.6","image/png,image/jpeg,image/jpg,image/svg+xml,image/webp","691555d5-9003-4f66-8c03-36a1589f5f06","a7631132-bfe2-49e2-8991-28b8d8fe7500",\N
"a688cc36-188f-40d4-86dd-89e97b03e60d","bannerNarrow","","307","410","192","256","1.6","image/png,image/jpeg,image/jpg,image/svg+xml,image/webp","9251e629-6345-4f2f-8b87-215591763d3d","cd21556f-a40e-4f92-ac34-714be72f090c",\N
"a68d968a-9530-409a-9ae3-62a8a8f69cb3","bannerNarrow","http://localhost:3000/api/private/rest/storage/document/9d10f44f-e55a-4075-b099-36ef36a268fe","307","410","192","256","1.6","image/png,image/jpeg,image/jpg,image/svg+xml,image/webp","33b3c473-5b92-4155-a8bc-205cd112d54e","25de3af3-3021-41d7-96ce-a07e70c24cdb",""
"a8c9e950-e456-4c49-9304-d310dd520135","bannerNarrow","","307","410","192","256","1.6","image/png,image/jpeg,image/jpg,image/svg+xml,image/webp","d2e35f03-25e0-4971-86e2-e3c75a7768b9","c7b3edb9-395d-4fc7-9820-f917cc17df44",\N
"aae1335f-97a9-4288-a92e-338bb644a082","banner","http://localhost:3000/api/private/rest/storage/document/ea564902-1399-438f-b183-801ea868c7a0","384","1536","64","256","6","image/png,image/jpeg,image/jpg,image/svg+xml,image/webp","c25b29dc-b6bb-4c08-bc51-c223e577a003","6b40c4a5-9b5a-4fa1-8e67-6ff91c384d39",""
"ae95fd3f-3630-4d4d-af95-c0e3dee63642","bannerNarrow","","307","410","192","256","1.6","image/png,image/jpeg,image/jpg,image/svg+xml,image/webp","0d46e240-a696-43fa-86fb-ed53a31e710a","99294cf8-7a7a-45f6-a6f2-b531d7c6d1f9",\N
"af142a14-a26f-4290-9e5e-da6cb668613d","banner","http://localhost:3000/api/private/rest/storage/document/4129a940-0477-4ccc-83dc-c6689b1e1486","384","1536","64","256","6","image/png,image/jpeg,image/jpg,image/svg+xml,image/webp","b368e46e-a5bf-4896-bda3-5b7332ff3294","f8b400aa-9c07-4437-9a1f-b0f32f7b404b",""
"b1e00406-c41a-48ad-bed7-2ac13712e757","banner","http://localhost:3000/api/private/rest/storage/document/bdfd430d-efcf-4362-a88e-19bd38eb8226","384","1536","64","256","6","image/png,image/jpeg,image/jpg,image/svg+xml,image/webp","158f7a0d-cf8a-45cb-99c2-f14c8bbad84c","ce59be51-22bf-45e3-bf5f-c7f4ac4483d8",\N
"b28710ca-fb4b-4050-bbd7-12a0ca165d46","bannerNarrow","","307","410","192","256","1.6","image/png,image/jpeg,image/jpg,image/svg+xml,image/webp","56b8018a-b067-4a8b-b2af-455f158a8d60","2b594532-12e9-4ad0-97e1-e6315bee4e98",\N
"b29e253b-805f-4711-8e92-6806b584945e","bannerNarrow","","307","410","192","256","1.6","image/png,image/jpeg,image/jpg,image/svg+xml,image/webp","7ff17793-518a-4e35-98d9-e1695f173161","eb6faa40-310f-404f-aaf3-b4c6b41dd496",\N
"b3fb1290-1370-4807-a035-da6b4314f864","bannerNarrow","http://localhost:3000/api/private/rest/storage/document/06599b42-6292-49fc-b918-e5e6fc47ecff","307","410","192","256","1.6","image/png,image/jpeg,image/jpg,image/svg+xml,image/webp","496e7715-7004-4ab9-8b76-66d977e8a316","37bcafa3-8341-40e4-9e1f-517c6f912109",\N
"b4d6d50c-0d2b-425d-80ec-2d66e134dfa1","bannerNarrow","","307","410","192","256","1.6","image/png,image/jpeg,image/jpg,image/svg+xml,image/webp","92567755-0db9-43cf-8376-8672002ff795","d94164d9-de5c-4d35-b227-28e5c97b2ed6",\N
"b6ddacd4-c09e-4d41-9eab-0efafe97fe44","bannerNarrow","","307","410","192","256","1.6","image/png,image/jpeg,image/jpg,image/svg+xml,image/webp","6ebc0dc2-154f-4ebf-8034-57c2522a83e0","877a4562-c0de-4f0b-ae8d-83207131c0df",\N
"b81d2587-14ed-41f2-811f-55705388820e","banner","","384","1536","64","256","6","image/png,image/jpeg,image/jpg,image/svg+xml,image/webp","5ed8ef7b-760b-407a-8793-7031b01e8301","25d54910-b90c-4466-8365-12f55d38e464",\N
"b822ea47-b5a2-480e-b19d-413b15c6886c","bannerNarrow","","307","410","192","256","1.6","image/png,image/jpeg,image/jpg,image/svg+xml,image/webp","a07d3b40-02aa-416d-911c-0d6922b0da01","0522a61c-c577-4a2c-9a47-180fd3150de4",\N
"b88715ee-ce78-4fba-bc71-fab1e887d59a","bannerNarrow","","307","410","192","256","1.6","image/png,image/jpeg,image/jpg,image/svg+xml,image/webp","4c3b0284-5819-4a13-8a99-9c1b79503593","cde53227-d09a-4284-9cf0-a5b98dab041c",\N
"b8efff83-a91f-4bb7-8684-7ff0ff7bcb3d","bannerNarrow","","307","410","192","256","1.6","image/png,image/jpeg,image/jpg,image/svg+xml,image/webp","fdaf5bef-9fe6-4a45-a454-7b65cfefa643","be2e9721-21f6-4a80-90cc-62cf10dafea9",\N
"bb1ad84e-aa9f-4492-96f6-8864894ce4c4","bannerNarrow","","307","410","192","256","1.6","image/png,image/jpeg,image/jpg,image/svg+xml,image/webp","d63a7b78-5cc7-46cd-b371-93e6057056a4","bb67c6fb-a800-4ae3-bcc8-2dc016a348c1",\N
"befa9da2-3cda-45f4-b1ab-e74774e5d1fc","bannerNarrow","","307","410","192","256","1.6","image/png,image/jpeg,image/jpg,image/svg+xml,image/webp","60dcb7be-fcf9-407a-90a1-1a7013b7d3a1","68eda258-8a30-4c75-af90-cdefab7c81f4",\N
"bfdaeb08-7c2d-4da2-83fd-ee1a94498e33","bannerNarrow","http://localhost:3000/api/private/rest/storage/document/03cf964a-ed59-42df-8c35-07ec17c366e6","307","410","192","256","1.6","image/png,image/jpeg,image/jpg,image/svg+xml,image/webp","36add4d1-6341-4063-bf99-a1137566d89c","cb6614f5-6b6e-4f5c-bb8b-e536491923fd",""
"c025e2be-563e-4d90-9a51-e2955a2b1481","bannerNarrow","","307","410","192","256","1.6","image/png,image/jpeg,image/jpg,image/svg+xml,image/webp","001a23bc-e0a6-4471-84a3-6274d6641e81","3a4644b5-5bc0-48fb-bec0-66a374c8c8c2",\N
"c053cb53-a8ac-42e8-86c2-d5d68fc47990","bannerNarrow","","307","410","192","256","1.6","image/png,image/jpeg,image/jpg,image/svg+xml,image/webp","8a8d5c71-aef2-4413-90c1-563747be7999","ead6304a-6cca-4a3c-9247-ba1fa69e3212",\N
"c07e86cd-ce96-4be9-b415-117ab5f70f05","banner","","384","1536","64","256","6","image/png,image/jpeg,image/jpg,image/svg+xml,image/webp","496977e1-8b03-44a2-bdb7-5dd611f0b54a","fc2ac1ff-0309-4251-962f-2c071f3f139a",\N
"c11e900d-439b-456a-aaa3-961788ad2729","avatar","","190","410","190","410","1","image/png,image/jpeg,image/jpg,image/svg+xml,image/webp","b58683ba-9293-4596-9a41-cebdbd5d5395","065260f1-59ca-4868-8591-e300e85d15ef",\N
"c163a59e-0daa-43eb-8575-95c935bf94eb","bannerNarrow","","307","410","192","256","1.6","image/png,image/jpeg,image/jpg,image/svg+xml,image/webp","db6e7a5d-f5b1-4733-bd58-ab105fbc38bb","061da3f0-b02f-474c-9641-64f0bfa2bdc1",\N
"c2e55bb3-f1bc-4c32-b5fd-25bceb52409b","banner","","384","1536","64","256","6","image/png,image/jpeg,image/jpg,image/svg+xml,image/webp","03d26df2-bbed-4439-a100-c8afcc131888","726ff466-1f14-4752-9559-26f414eaa3ee",\N
"c41fe80d-052c-490c-a3e4-35211585292f","bannerNarrow","","307","410","192","256","1.6","image/png,image/jpeg,image/jpg,image/svg+xml,image/webp","9d4df1d2-cbec-4984-b125-23b1d8fa7913","9e4943b3-0b4d-466f-9fda-6638cd6f6054",\N
"c47a811e-0c1d-4a86-9f01-a463d7737365","bannerNarrow","","307","410","192","256","1.6","image/png,image/jpeg,image/jpg,image/svg+xml,image/webp","40d093c9-3dc3-4db3-93f3-735391c9b10c","5d4bcf6e-ca6f-4164-a330-a4ecd210c077",\N
"c724ad6a-0aa6-4abe-b4b8-85a3e32f5cf9","bannerNarrow","","307","410","192","256","1.6","image/png,image/jpeg,image/jpg,image/svg+xml,image/webp","9eee4adb-5ea4-401c-88a2-22eaf0a33f8b","f9e2d1db-d21d-4f0a-81ba-42004947da1c",\N
"c741c157-4046-420f-be92-1caa560ce48c","avatar","https://eu.ui-avatars.com/api/?name=opportunity+member&background=533ea9&color=ffffff","190","410","190","410","1","image/png,image/jpeg,image/jpg,image/svg+xml,image/webp","0f8bb755-0017-4555-a620-6dbd5923dec2","fc1e83dc-a45d-4adb-b2a1-3a3fdeea365e",\N
"c7fdff55-9f78-4ac5-bd65-0bf55556030b","bannerNarrow","http://localhost:3000/api/private/rest/storage/document/1784dbf6-d9db-4c18-9829-91def53bac89","307","410","192","256","1.6","image/png,image/jpeg,image/jpg,image/svg+xml,image/webp","be568256-0962-47dc-8dd0-af04826a3b1a","59a040a0-404c-4c00-965a-324a86d10090",""
"c854baee-491b-42a0-a984-71ca6bdeb4b9","bannerNarrow","","307","410","192","256","1.6","image/png,image/jpeg,image/jpg,image/svg+xml,image/webp","7f10f707-c83a-4bd9-acb3-895e3b413603","aa09d76d-7739-4310-b9d9-d44560fd751d",\N
"c8a41d57-23a4-4ee4-8a52-32a2ccf0bdce","bannerNarrow","","307","410","192","256","1.6","image/png,image/jpeg,image/jpg,image/svg+xml,image/webp","65592fe9-fa3d-4a1f-b862-d857e9c63002","f8eee5d4-c2d1-4400-bc38-536de6884673",\N
"ca6bf7df-3465-4c3b-83b8-c527142a9d07","bannerNarrow","","307","410","192","256","1.6","image/png,image/jpeg,image/jpg,image/svg+xml,image/webp","2842d07b-ac70-44a3-ab6d-0383e75764d8","5f0df47b-5f20-4b02-851e-d20517c54d2d",\N
"cb0d08dd-a282-4b1d-9d0a-13deb03a0eea","bannerNarrow","","307","410","192","256","1.6","image/png,image/jpeg,image/jpg,image/svg+xml,image/webp","9dd56e30-b04b-4cd9-9bb6-7935b28935f8","a7fe3234-e621-4c6d-a171-ea5641256052",\N
"cbdad058-cd69-472e-be4e-c1246dcfa9df","bannerNarrow","","307","410","192","256","1.6","image/png,image/jpeg,image/jpg,image/svg+xml,image/webp","0d816b84-680b-4d50-a0ef-3711d665ff67","21d9802e-a387-4e59-9a7d-8c6006d2c09c",\N
"ccce7deb-2803-4ab7-aeb9-8e5feb903746","bannerNarrow","http://localhost:3000/api/private/rest/storage/document/d1147885-d8ca-46c0-9285-016f7cb99008","307","410","192","256","1.6","image/png,image/jpeg,image/jpg,image/svg+xml,image/webp","2add04fb-7737-4a72-be82-d1d591ff52b4","40ce182e-30b5-45ec-b029-bf46e1990d43",""
"ccf3ccab-c65a-4645-a8a8-509c3199ad00","banner","http://localhost:3000/api/private/rest/storage/document/d131416a-ec3c-4c5c-8940-592813d1fd86","384","1536","64","256","6","image/png,image/jpeg,image/jpg,image/svg+xml,image/webp","d22bc037-7f97-4785-a155-65f3274aa18c","40ce182e-30b5-45ec-b029-bf46e1990d43",""
"cd43beea-eb2c-4988-ad29-b2c91561aca7","bannerNarrow","","307","410","192","256","1.6","image/png,image/jpeg,image/jpg,image/svg+xml,image/webp","64eab0aa-8a1c-40ec-9ade-47193a0690cb","4db6ed9a-4888-45ac-9099-065683180a3f",\N
"ceab23e8-c96a-4ed2-8f53-9072e8aa3685","bannerNarrow","http://localhost:3000/api/private/rest/storage/document/abcf1d94-2228-40fb-bbd4-04905fc42868","307","410","192","256","1.6","image/png,image/jpeg,image/jpg,image/svg+xml,image/webp","c25f229c-5d8e-4258-9359-6442f94e48f9","e2b547fd-ad2e-4ebe-8b64-e68cd7228a60",\N
"ceb418f3-c2b4-4b8c-ae5f-a58593501bdd","bannerNarrow","","307","410","192","256","1.6","image/png,image/jpeg,image/jpg,image/svg+xml,image/webp","8119e442-ae42-4cdb-afca-0faa7887ff9f","84fc0684-b0d5-4e2d-b918-97205f7e346b",\N
"ced56f5a-730a-4e68-a786-6cecb89fa520","avatar","","190","410","190","410","1","image/png,image/jpeg,image/jpg,image/svg+xml,image/webp","b92cb92b-c6de-4021-bd71-15b9bd157b77","eea8aa31-cc56-46b5-b11a-c1831d7150f3",\N
"cf4e67cd-b25b-4c03-88e8-0a3e8c88e5c5","bannerNarrow","","307","410","192","256","1.6","image/png,image/jpeg,image/jpg,image/svg+xml,image/webp","7705d781-cf2a-43fa-8ac2-88f89e3499e3","e71058bc-d83d-4576-8438-4e1c5eab6f9c",\N
"d53d9e67-e58c-4adc-a5af-9b7f12ae4142","bannerNarrow","http://localhost:3000/api/private/rest/storage/document/f558979d-228f-4ade-9f52-0147a20824bb","307","410","192","256","1.6","image/png,image/jpeg,image/jpg,image/svg+xml,image/webp","ed180940-24e9-408e-8e6d-637d169047da","3b51a070-c9bf-4f32-a8e9-e09a12712e57",""
"d53e4901-6cc0-4d95-889d-e9fbcfb460be","bannerNarrow","http://localhost:3000/api/private/rest/storage/document/916fcc47-61e1-4ef7-a969-76b7fa847f82","307","410","192","256","1.6","image/png,image/jpeg,image/jpg,image/svg+xml,image/webp","642692d3-8f02-4f01-91da-d1fb019f8070","47b70d06-c6cc-4c54-8d2b-1952d4c8aaca",""
"d79d49aa-dcc8-47d9-8ac0-6c5e1765937c","bannerNarrow","","307","410","192","256","1.6","image/png,image/jpeg,image/jpg,image/svg+xml,image/webp","3d8d2738-8f4a-4c2c-9f8f-d06459e8b709","070ae266-8970-469f-91da-14792db6ee73",\N
"d84626fe-6591-4e48-ad94-8d413def5840","bannerNarrow","","307","410","192","256","1.6","image/png,image/jpeg,image/jpg,image/svg+xml,image/webp","be1ce2cf-e318-421c-90a4-2ddd9685cb4d","55689bba-9d6b-4458-85c0-9acbaa31b5c5",\N
"d9791d4a-9bb6-4387-aff9-46011da94c29","bannerNarrow","","307","410","192","256","1.6","image/png,image/jpeg,image/jpg,image/svg+xml,image/webp","b4cd67d1-a58e-4302-ac5e-1dc3ab65b34e","3d835e2d-406e-497d-891a-f43bb80c7ad6",\N
"d9ca82f3-827b-448c-863e-f3c6f0480c18","banner","http://localhost:3000/api/private/rest/storage/document/668b55b1-bda4-424f-9e1f-f9a0215d5776","384","1536","64","256","6","image/png,image/jpeg,image/jpg,image/svg+xml,image/webp","8e553a81-3dc3-4b8a-8f53-842de8a30800","afe2fb5e-bbb3-4b47-874f-43893502b564",\N
"dae1d1b0-c4ce-400e-94a2-ca108977c698","bannerNarrow","","307","410","192","256","1.6","image/png,image/jpeg,image/jpg,image/svg+xml,image/webp","0187b0cd-7067-4ea2-9423-41045add5987","1e9298a4-ff1a-4d4e-97c8-309cd0743790",\N
"dbe628f5-b64f-4ec4-bea6-6774ff5e5882","bannerNarrow","http://localhost:3000/api/private/rest/storage/document/0a4507d8-86e9-45ba-aed8-b32c3816049d","307","410","192","256","1.6","image/png,image/jpeg,image/jpg,image/svg+xml,image/webp","b4f5c0c3-bb83-4896-872b-3bc466095f6d","a24b5176-3bf8-419f-b4a8-9f77cd8a3e96",""
"dc2dc0fc-197d-4960-ac3b-a4580e2781c7","bannerNarrow","","307","410","192","256","1.6","image/png,image/jpeg,image/jpg,image/svg+xml,image/webp","5070ac41-ad50-4ee2-8d73-45dce54f7cfd","f17c1762-ce1c-4269-8ecf-73f2da17251d",\N
"dd0fd8c9-833b-452c-b1e4-823f56c1b17a","bannerNarrow","","307","410","192","256","1.6","image/png,image/jpeg,image/jpg,image/svg+xml,image/webp","9a3fcd1f-2a53-4bf1-a6fa-53953f59e218","97694b6f-6024-4ad8-8dc6-f18518e7e8cd",\N
"dd2c8093-d656-4f02-b721-8e4d8e206e78","bannerNarrow","http://localhost:3000/api/private/rest/storage/document/99bee1c5-5687-4906-87ae-52b25a9a89c9","307","410","192","256","1.6","image/png,image/jpeg,image/jpg,image/svg+xml,image/webp","9c727ea1-77c9-4886-9872-367cb4939cd6","ce59be51-22bf-45e3-bf5f-c7f4ac4483d8",\N
"dece0766-da91-470b-9b2f-f010b4067d76","banner","","384","1536","64","256","6","image/png,image/jpeg,image/jpg,image/svg+xml,image/webp","cdbba71a-0ba6-428d-b748-a67a73f46727","3b51a070-c9bf-4f32-a8e9-e09a12712e57",\N
"df7c53bc-caeb-4065-ba3a-f02aa54365bc","bannerNarrow","","307","410","192","256","1.6","image/png,image/jpeg,image/jpg,image/svg+xml,image/webp","99449a77-bf66-41f3-8155-b2e387e4bc50","8f0cc9cd-d993-47aa-bc38-21cc26d7ce0c",\N
"e01ef14e-8c11-4862-9050-0ded47854242","bannerNarrow","http://localhost:3000/api/private/rest/storage/document/85842494-5047-4ee4-99ca-f48c4123023a","307","410","192","256","1.6","image/png,image/jpeg,image/jpg,image/svg+xml,image/webp","c1beeec0-1b8f-4f96-8660-d8b5e89e8dcf","254e0911-f04c-4dab-b428-bf94529fab35",""
"e06619c9-abdd-45fd-a0c4-6c8482c2aa2d","avatar","https://eu.ui-avatars.com/api/?name=global+spaces&background=45374d&color=ffffff","190","410","190","410","1","image/png,image/jpeg,image/jpg,image/svg+xml,image/webp","fb5348c2-887b-42f7-b992-eb250c06831a","fd998011-7e9e-4bd6-b636-cfe034d46ab7",\N
"e254c5ff-951b-4662-843f-7619dd8a9b31","avatar","http://localhost:3000/api/private/rest/storage/document/077f7c68-da26-41e6-bb10-7ec9f7714086","190","410","190","410","1","image/png,image/jpeg,image/jpg,image/svg+xml,image/webp","0a5bd3a9-01f4-4063-8a8c-b11c3567037c","b5f0fa6e-f61a-48a8-9882-7f87fd4385b5",""
"e4f775e2-7047-4f90-ada5-ad279baccc87","bannerNarrow","http://localhost:3000/api/private/rest/storage/document/2f2050ed-7012-4aae-ba15-35574c9337fe","307","410","192","256","1.6","image/png,image/jpeg,image/jpg,image/svg+xml,image/webp","80be96db-92dd-41ad-a1a3-f56d22c8a3a6","6e23d9b2-db45-4269-b695-6d15e4553770",""
"e5b2d983-640a-452e-987e-f2e6606b85e3","bannerNarrow","","307","410","192","256","1.6","image/png,image/jpeg,image/jpg,image/svg+xml,image/webp","e0a4589a-1791-4ecc-b8ad-6fa3ca4813ae","1aa8c863-fbc1-4f0d-989a-6bdbd0cfde1e",\N
"e65b8e4a-c09a-43df-b40a-34408f7bb04a","bannerNarrow","","307","410","192","256","1.6","image/png,image/jpeg,image/jpg,image/svg+xml,image/webp","bf385549-df3c-482b-920b-be878c58d919","0fa1e85b-51f0-4497-8864-ac177de6530c",\N
"e7e9f9eb-9cff-40a5-a2de-1b6f9124aa7a","bannerNarrow","","307","410","192","256","1.6","image/png,image/jpeg,image/jpg,image/svg+xml,image/webp","e4907fca-f506-4074-9cfc-fe5cade2fcf1","0f06acc9-5ac7-474f-a6ab-23171816f34f",\N
"e8ab3b3c-ea33-45ec-aa89-7b1bbbaacf72","bannerNarrow","","307","410","192","256","1.6","image/png,image/jpeg,image/jpg,image/svg+xml,image/webp","3c0735f6-d3c9-4ea4-ad6e-c59b46566cc6","bcdfc794-41ac-48ac-905c-764bc05b39ac",\N
"e8e3a33c-0dd8-45ae-858f-50d2c47d5559","bannerNarrow","","307","410","192","256","1.6","image/png,image/jpeg,image/jpg,image/svg+xml,image/webp","3ed68033-af3c-4fec-9fbe-e95dc7b22536","7834a149-b503-4d90-af37-e14e19124609",\N
"e9145a49-59b4-473b-9ffa-5641ac470e55","banner","http://localhost:3000/api/private/rest/storage/document/ec21683e-0b3b-47a7-9e6e-8e59db43ec1c","384","1536","64","256","6","image/png,image/jpeg,image/jpg,image/svg+xml,image/webp","e1f09057-7e94-4838-a361-3d5efc353380","aecdc548-dc78-4315-91dd-468cfc64a838",\N
"ea55dc5e-bb88-4eeb-b528-359301d21482","banner","","384","1536","64","256","6","image/png,image/jpeg,image/jpg,image/svg+xml,image/webp","61f968e0-b081-4fef-80c7-8626f8a6054e","1e9298a4-ff1a-4d4e-97c8-309cd0743790",\N
"eb60523f-b5e3-4555-999d-bdc4c2de0f07","banner","","384","1536","64","256","6","image/png,image/jpeg,image/jpg,image/svg+xml,image/webp","5d97ba0d-c816-458e-80ef-316103acc408","f9e2d1db-d21d-4f0a-81ba-42004947da1c",\N
"ebe23b2a-b40f-4447-b3d9-5dde64f7f887","bannerNarrow","http://localhost:3000/api/private/rest/storage/document/2f123fbc-6968-4e16-b9b6-e92383f50223","307","410","192","256","1.6","image/png,image/jpeg,image/jpg,image/svg+xml,image/webp","ac368c5d-21e0-486e-ab75-41c9affbeeb3","d75095de-c157-4048-b866-1e65db4f827f",""
"ec74361f-48f4-489e-9c5a-6c125f500db3","bannerNarrow","http://localhost:3000/api/private/rest/storage/document/190ca8bc-65f2-40da-9229-f17b8404b421","307","410","192","256","1.6","image/png,image/jpeg,image/jpg,image/svg+xml,image/webp","8dae3036-4f1f-42a0-a7d8-99246275a06b","3c96904c-3426-4645-bece-2113d0c623c1",\N
"ed3b98ef-3e4f-477d-95d4-bd052db982dc","banner","","384","1536","64","256","6","image/png,image/jpeg,image/jpg,image/svg+xml,image/webp","399e3290-aed3-4152-b0a8-e5dff45c0ea2","1a433c96-7afb-4d26-adc4-96b79f41cbf8",\N
"ed66b230-8235-45d9-a332-fa8f6dfe719b","bannerNarrow","","307","410","192","256","1.6","image/png,image/jpeg,image/jpg,image/svg+xml,image/webp","76a85d00-06c8-4271-8d4c-d90172a74345","09c23718-f5fe-4f91-aa7a-ed7a857ad579",\N
"f0fa07f3-65f2-4401-9d34-7f99d82b4f9f","bannerNarrow","","307","410","192","256","1.6","image/png,image/jpeg,image/jpg,image/svg+xml,image/webp","f1a56a73-efcc-4056-950a-d9a84332f54a","348b0d83-3d2b-459f-bea2-07656f3a66c3",\N
"f1101ca5-dae2-4b33-a129-c658ce010283","bannerNarrow","","307","410","192","256","1.6","image/png,image/jpeg,image/jpg,image/svg+xml,image/webp","5c1658e6-c0a3-432d-90c4-1a235dde7d3d","5aba3f5b-d1e0-4a3c-8e7e-ef936ac48e4f",\N
"f1aef340-a2eb-4a86-87c8-b64538a300b5","banner","","384","1536","64","256","6","image/png,image/jpeg,image/jpg,image/svg+xml,image/webp","10d7cbea-1b9c-45f7-86b3-3985e154ed2a","c04ba402-a8fd-4234-bc49-e364d0a840cb",\N
"f1f70849-0793-49c4-a18d-3e3c3209d005","bannerNarrow","http://localhost:3000/api/private/rest/storage/document/cf274daa-34c2-4ad2-8aa8-809710369417","307","410","192","256","1.6","image/png,image/jpeg,image/jpg,image/svg+xml,image/webp","9b94dcc9-c986-46f8-a138-6ee16369ae3f","3e31dd6e-4fa4-4c63-a700-47b1ccb2fc56",""
"f28ec924-ca1e-4f48-8c3a-4629fdf0a7b6","bannerNarrow","","307","410","192","256","1.6","image/png,image/jpeg,image/jpg,image/svg+xml,image/webp","0741ec22-56da-4dc4-ac59-b342c7ce535f","0099e7cf-f935-42ac-af42-b0c339ebe91a",\N
"f2d2d449-f10e-40c4-8bd9-896eb6b3da3f","bannerNarrow","http://localhost:3000/api/private/rest/storage/document/72440330-d67e-4e98-9818-052063fb42af","307","410","192","256","1.6","image/png,image/jpeg,image/jpg,image/svg+xml,image/webp","9085dea0-f02c-4d34-a1f1-fd58197827fa","d0e16608-1b19-4292-81c3-56d226bf7474",\N
"f3f30f2b-a8f7-4492-94ad-54ffb4da04ba","bannerNarrow","","307","410","192","256","1.6","image/png,image/jpeg,image/jpg,image/svg+xml,image/webp","e7a3c2df-b9c5-4b13-be91-80068a5ecc00","b238a6c7-ffd0-4301-9823-6b2ebb42923f",\N
"f4f09c69-c749-4410-8048-a7ced460db29","banner","http://localhost:3000/api/private/rest/storage/document/d50d34ae-e62a-4187-ad08-3de2d609276a","384","1536","64","256","6","image/png,image/jpeg,image/jpg,image/svg+xml,image/webp","6cafb0f8-09d9-4899-9ebb-4518c79344da","ff6e23c5-655a-4fb6-bc9f-fad073131d50",\N
"f507cfdf-691a-4248-a028-4429c71fdbc4","bannerNarrow","http://localhost:3000/api/private/rest/storage/document/913a6f14-4b9b-42b6-a5a7-3fa838e77099","307","410","192","256","1.6","image/png,image/jpeg,image/jpg,image/svg+xml,image/webp","5283faa7-1ea2-4806-9c65-52c92ab09cbe","1bbd0da4-9770-4e00-be29-9326c30ac8fc",\N
"f588e64e-1da8-4b99-92e1-18ccb3cd9c1b","bannerNarrow","","307","410","192","256","1.6","image/png,image/jpeg,image/jpg,image/svg+xml,image/webp","b95ab797-453d-494c-9dff-b2e3398ceb39","c04ba402-a8fd-4234-bc49-e364d0a840cb",\N
"f7013091-c6cb-4f6e-b1f8-f40cd1f0d086","bannerNarrow","","307","410","192","256","1.6","image/png,image/jpeg,image/jpg,image/svg+xml,image/webp","b70d98c8-19bb-4853-94c2-b3d0249ffe30","eb68aa29-1087-4c37-b189-ecf4e15ae265",\N
"f906dbcf-205b-4b8e-8462-6dadbd7134a8","bannerNarrow","","307","410","192","256","1.6","image/png,image/jpeg,image/jpg,image/svg+xml,image/webp","83b93d9a-7d5d-4830-805d-bc9c2aa499ac","d91d6e12-04ae-41fc-ae09-bf5640f161d4",\N
"f943469c-68fc-488a-8800-94d572617baf","bannerNarrow","","307","410","192","256","1.6","image/png,image/jpeg,image/jpg,image/svg+xml,image/webp","c0b8b6e3-928b-4bdf-ab1f-71303a89a742","1f5c603a-41a3-4c8b-821c-419d2b31591d",\N
"fb0f90bf-843a-48aa-83b7-ab6fce1245ed","bannerNarrow","","307","410","192","256","1.6","image/png,image/jpeg,image/jpg,image/svg+xml,image/webp","3ca8175d-ef54-4023-92a7-ea89ad9481eb","ac914620-03c6-45dd-aa50-17b0c7864c79",\N
"fc3dab0a-e6d4-4471-aabd-19f2ac49aa1a","bannerNarrow","http://localhost:3000/api/private/rest/storage/document/0a068644-0332-462d-8998-8f1ebdb6b745","307","410","192","256","1.6","image/png,image/jpeg,image/jpg,image/svg+xml,image/webp","8aa709cc-7c58-4b09-aba4-425a65e77826","ff6e23c5-655a-4fb6-bc9f-fad073131d50",\N
"fc6c6bac-636a-45d6-afa9-6abf020db900","avatar","","190","410","190","410","1","image/png,image/jpeg,image/jpg,image/svg+xml,image/webp","4c40849a-e330-4832-8f64-2747957e22e4","52aff2eb-c410-4050-9510-578d260cc293",\N
"fc73717a-7a64-43a0-8cee-dad9005250c7","bannerNarrow","","307","410","192","256","1.6","image/png,image/jpeg,image/jpg,image/svg+xml,image/webp","260856e9-73ad-4d03-b0f6-7363233b641e","fba32076-615a-4c21-960f-8c758ccfd356",\N
"fc94c6b1-a2c9-44a3-ae28-6e79e8faefdb","bannerNarrow","","307","410","192","256","1.6","image/png,image/jpeg,image/jpg,image/svg+xml,image/webp","b38e005b-d996-4c73-8e83-04461c9ec44a","9a4206c5-5019-4f71-aa8e-22372ced087e",\N
"fec03aa8-00e8-46f0-8efe-9095ba5d85f2","bannerNarrow","","307","410","192","256","1.6","image/png,image/jpeg,image/jpg,image/svg+xml,image/webp","acf55aac-13f9-4cb0-9d73-c02ac8d3eba0","619f13d9-6bb7-412b-9f34-b5003a1f1b6d",\N
"ff3bc0f6-57bc-42c1-b987-ae1a8f1ab0de","banner","","384","1536","64","256","6","image/png,image/jpeg,image/jpg,image/svg+xml,image/webp","ebc0c10e-cb7c-4699-908d-8fbfaf656fc4","5f0df47b-5f20-4b02-851e-d20517c54d2d",\N
"ffd558ec-51cf-4296-b1ff-58cd8c5419dc","bannerNarrow","","307","410","192","256","1.6","image/png,image/jpeg,image/jpg,image/svg+xml,image/webp","f0bcbabe-6484-4fe5-90aa-961e43642c4c","1a433c96-7afb-4d26-adc4-96b79f41cbf8",\N
