"0023bab5-64d9-4dbf-b790-0bdfa0f55aec","b85abefb-46ef-4bc5-aeda-d92c34b41875","c7d037bf-69ce-4174-80e0-6fb7cbfe5df3","e619be77-f07f-4be9-a188-2a01d9943973","[Recommended by the Leads] - Temporary Link Id: wbrI","callout-link-added","6449f5d9-6711-4ea1-8dbe-9e8423d30c57",\N,"1"
"036c0cae-3e7f-4148-9879-bbd642dc428a","b85abefb-46ef-4bc5-aeda-d92c34b41875","30aba759-cf60-4c86-8e05-02eb13b19c74","5854a9f5-1c0d-4b74-98cb-d25ffb871306","[Collection of links - community - left] - Temporary Link Id: zfb0","callout-link-added","7973a11f-d565-44e7-bf1b-0e68dfccdea0",\N,"1"
"0542c72b-259b-4c0a-ac6c-2da342e97696","b85abefb-46ef-4bc5-aeda-d92c34b41875","45fb96f2-d090-4695-816b-244624c62412","79c31b1c-cca4-4f09-979e-70d4990f661e","[space] 'challenge-member-6097'","member-joined","37ddc9c9-d3c5-40f9-b6dd-09bd384dbea4",\N,"1"
"0599e341-3447-4b5b-92a4-e7aeaeaa5875","b85abefb-46ef-4bc5-aeda-d92c34b41875","911ce31a-a6ac-42d6-938b-d6c5dae61e26","3955f3c7-4a16-4aac-99c5-1f991dfd4d56","[test] - As a \\<persona or stakeholder type>\
\
I want \\<some software feature>\
\
So that \\<some business value>\
\
\\## Acceptance...","post-created","605200fe-c8cb-4a9a-8d52-102961dc0665",\N,"1"
"059a95ea-ec23-4651-ab8b-4482febd003d","b85abefb-46ef-4bc5-aeda-d92c34b41875","7da658ac-5068-42eb-a8f0-fdbdb6897cca","9f7e39a6-d30d-4ada-a720-517bc5f83e35","[Recommended by the Leads] - Temporary Link Id: 1TdK","callout-link-added","f9473723-aa8d-43c3-80b3-335b1eb9742f",\N,"1"
"05ea5c34-1ba2-4450-8d69-7b06be3f67e9","b85abefb-46ef-4bc5-aeda-d92c34b41875","30aba759-cf60-4c86-8e05-02eb13b19c74","9dd8a5b4-1126-4a12-9e43-b23f32160d7e","[Collection of links - community - left] - Temporary Link Id: ElF-","callout-link-added","7973a11f-d565-44e7-bf1b-0e68dfccdea0",\N,"1"
"070d03ab-d47b-4194-ab69-1face0f6d75f","b85abefb-46ef-4bc5-aeda-d92c34b41875","29cc2e07-a3b4-4ac8-a431-7e748d16c58a","73a699d1-0212-4939-877f-34d1dff5db2f","[test1]","whiteboard-created","44a02238-5229-40cb-b0cf-9ecc76db2796",\N,"1"
"075dc314-f6e9-436b-8bd1-2bcae8b38426","b85abefb-46ef-4bc5-aeda-d92c34b41875","7da658ac-5068-42eb-a8f0-fdbdb6897cca","7350c0cd-c51c-41ca-9e35-c780916ca57f","7.  **Descriptive text of a pet**\
\
Ana‚Äôs dog is a large black dog. Mixed race. You have all the shots up to date. His name is...","update-sent","6ef1e84a-8726-40a0-9c92-5049aac6c113","$qmvqcZhbZZEc4XAAsT9mwQbzcQJiSyBBsbnq1OUIncY","1"
"0772f156-b390-4d18-9bba-ded945ef7e2b","b85abefb-46ef-4bc5-aeda-d92c34b41875","c7d037bf-69ce-4174-80e0-6fb7cbfe5df3","31df28cd-a0fa-4f54-88c8-bc20ace8bb2d","[post - opportunities - left] - post - opportunities - left\
","callout-published","c7d037bf-69ce-4174-80e0-6fb7cbfe5df3",\N,"1"
"07c423da-4acc-47b6-8f6e-a4b7ef41ec1e","b85abefb-46ef-4bc5-aeda-d92c34b41875","b493d1de-bbf0-4cf7-97bc-f28d44c736f8","3a88498d-ca0b-49a6-b8ef-9ccdea5bf160","[Recommended by the Leads] - Temporary Link Id: vAfy","callout-link-added","b330af1f-2b7a-49f8-b7a5-f3cd4e019491",\N,"1"
"07ca0e83-67d4-4db5-b3e6-545a6c8892e9","b85abefb-46ef-4bc5-aeda-d92c34b41875","29cc2e07-a3b4-4ac8-a431-7e748d16c58a","b85abefb-46ef-4bc5-aeda-d92c34b41875","[opportunity] 'admin-alkemio'","member-joined","9441fa9c-a2d7-4294-9bda-bcc678f43231",\N,"1"
"09980457-1957-432e-91f8-6f952b88e888","b85abefb-46ef-4bc5-aeda-d92c34b41875","b95c42d9-ceba-4784-a089-68fe2be6fb62","5b47a12a-7605-4d0a-a659-e1d2a3a2c4c3","[calendar event] - ocation:\
\
URL:\
\
Description:","calendar-event-created","b68e9923-6d06-4034-a3c5-835e4bd4af32",\N,"1"
"0c495d08-d4d4-4a10-b63f-260897b74439","b85abefb-46ef-4bc5-aeda-d92c34b41875","30aba759-cf60-4c86-8e05-02eb13b19c74","4b48ebf0-f1bb-41d6-9b79-fb0600be96a5","[Single whiteboard - dashboard right] - *In universal religions, such as Christianity and Buddhism, dread and nausea prelude ...","callout-published","30aba759-cf60-4c86-8e05-02eb13b19c74",\N,"1"
"0c8e23f0-1825-4998-8d36-ddf614a2c582","b85abefb-46ef-4bc5-aeda-d92c34b41875","30aba759-cf60-4c86-8e05-02eb13b19c74","b62a9939-416f-4aee-9bb8-dc6f0b669cb6","[space] 'space-member-8192'","member-joined","76db810b-bac7-4f1f-ae78-6e0d5f691370",\N,"1"
"0e55aca2-8c4c-4503-9eb1-48071acaeca2","b85abefb-46ef-4bc5-aeda-d92c34b41875","026d5343-ab42-4756-9ce1-e27e7dceb206","c4b1a283-8333-40b2-ab7b-e38a768730f8","[opportunity] 'opportunity-member-3924'","member-joined","f1530520-9244-43a8-90d6-24c8abf619e6",\N,"1"
"0f51ae44-3465-4ab1-a412-64b275c1cf99","b85abefb-46ef-4bc5-aeda-d92c34b41875","1158cc85-61d7-4488-a816-6b04b7c60783","cfcd2280-4ace-410a-95b1-0750bdf304fa","[Last state - post - right] - Last state - post - right\
","callout-published","1158cc85-61d7-4488-a816-6b04b7c60783",\N,"1"
"12b6ce3b-3ccf-42c3-8027-56a62ef211ab","b85abefb-46ef-4bc5-aeda-d92c34b41875","29cc2e07-a3b4-4ac8-a431-7e748d16c58a","549928d5-dfcb-44b3-9d8c-dec827bffff1","[post - dashboard - left] - post - dashboard - left\
","callout-published","29cc2e07-a3b4-4ac8-a431-7e748d16c58a",\N,"1"
"169eb13a-b479-4608-9a45-4e3ebc433b4d","b85abefb-46ef-4bc5-aeda-d92c34b41875","911ce31a-a6ac-42d6-938b-d6c5dae61e26","7a972e12-4417-43de-9066-9d952f7d6dc4","test","discussion-comment","911ce31a-a6ac-42d6-938b-d6c5dae61e26","$vLLnIwoe8_RJOUk0mxL3uPUOy7tMP9SxrkusCjeBlqM","1"
"197948a8-a8ca-4766-8015-8bccc3aff997","b85abefb-46ef-4bc5-aeda-d92c34b41875","30aba759-cf60-4c86-8e05-02eb13b19c74","784f6f36-4c00-43d5-96b2-8f81c7b1e42b","[Collection of links - community - left] - Temporary Link Id: w5ot","callout-link-added","7973a11f-d565-44e7-bf1b-0e68dfccdea0",\N,"1"
"1a39eebd-a20b-47e4-aed9-042e540649a3","b85abefb-46ef-4bc5-aeda-d92c34b41875","c7d037bf-69ce-4174-80e0-6fb7cbfe5df3","07a1db25-01ed-44b3-b16a-79aa189fb023","[3rd state - call for post - right] - 3rd state - call for post post - right\
","callout-published","c7d037bf-69ce-4174-80e0-6fb7cbfe5df3",\N,"1"
"1ae1d716-1fcf-4d42-8ead-af57b34528cc","b85abefb-46ef-4bc5-aeda-d92c34b41875","026d5343-ab42-4756-9ce1-e27e7dceb206","5043bb72-3693-4f74-8631-510c755916f7","[Call for posts] - Call for posts\
","callout-published","026d5343-ab42-4756-9ce1-e27e7dceb206",\N,"1"
"1d9aa0a0-13b1-40ef-8b6b-7b81c04ff8ba","b85abefb-46ef-4bc5-aeda-d92c34b41875","29cc2e07-a3b4-4ac8-a431-7e748d16c58a","9452025f-263f-433e-aa67-f96c94ad40cd","[1st state - whiteboard - right] - 1st state - whiteboard - right\
","callout-published","29cc2e07-a3b4-4ac8-a431-7e748d16c58a",\N,"1"
"2088bfac-a2c5-402f-9081-4ff6b3894db4","b85abefb-46ef-4bc5-aeda-d92c34b41875","c7d037bf-69ce-4174-80e0-6fb7cbfe5df3","592f01ab-3c06-463d-a57e-c5730c6b52a8","[Recommended by the Leads] - Temporary Link Id: QJod","callout-link-added","6449f5d9-6711-4ea1-8dbe-9e8423d30c57",\N,"1"
"21593efd-1502-4b33-941b-7ea2c2222e76","b85abefb-46ef-4bc5-aeda-d92c34b41875","026d5343-ab42-4756-9ce1-e27e7dceb206","aebf524b-f038-4241-95ce-add906f603c1","[opportunity] 'opportunity-admin-9459'","member-joined","f1530520-9244-43a8-90d6-24c8abf619e6",\N,"1"
"219c76e9-1b65-482b-b617-9a6535202c98","b85abefb-46ef-4bc5-aeda-d92c34b41875","c7d037bf-69ce-4174-80e0-6fb7cbfe5df3","7775a9ce-ec8d-408f-b813-394e150535b0","[test 3]","whiteboard-created","de9f8c47-87ad-48fb-be0d-15e9d944f483",\N,"1"
"22a4ae79-fdf8-41a1-9444-0a10867b7acc","b85abefb-46ef-4bc5-aeda-d92c34b41875","6746422d-3ca1-49b5-8f7f-cbfc7fea855b","3a82ae93-23bd-4ea2-99fb-9149547c512f","Opportunity of private challenge","opportunity-created","6c07a299-afab-4583-8b4c-ac6207528963",\N,"1"
"25ed50df-afe7-4d99-b4bd-cd20f50a2243","b85abefb-46ef-4bc5-aeda-d92c34b41875","c7d037bf-69ce-4174-80e0-6fb7cbfe5df3","428ec385-1653-4b25-99cf-7373558d0453","[5th state - collection of links - left] - Temporary Link Id: wzUC","callout-link-added","fe167616-0196-4816-8691-7bedd89b30a1",\N,"1"
"270fffa3-59c9-4ba8-878e-dfc1f7b3a966","b85abefb-46ef-4bc5-aeda-d92c34b41875","29cc2e07-a3b4-4ac8-a431-7e748d16c58a","42a6b8f8-ed84-4d69-a641-ecc0f3112b59","[3rd state - post - right] - 3rd state - post - right\
","callout-published","29cc2e07-a3b4-4ac8-a431-7e748d16c58a",\N,"1"
"27d79d98-93e9-42f5-82b9-089e29a7188a","b85abefb-46ef-4bc5-aeda-d92c34b41875","29cc2e07-a3b4-4ac8-a431-7e748d16c58a","97f00ac5-ac63-4873-9d1b-e6c50a8346f3","[4th state - collection of links - left] - 4th state - collection of links - left\
","callout-published","29cc2e07-a3b4-4ac8-a431-7e748d16c58a",\N,"1"
"299814dc-d5f7-436f-a151-81232dc3f833","b85abefb-46ef-4bc5-aeda-d92c34b41875","8b499630-3334-41b1-aabf-382abdfe840a","ba397097-895d-4364-b41f-c168134c9427","[Recommended by the Host] - Temporary Link Id: jwQt","callout-link-added","e5ff7e18-735c-4f7c-830f-d313b394c52f",\N,"1"
"2a06cc92-95fd-4fed-ae15-6192310f3a06","b85abefb-46ef-4bc5-aeda-d92c34b41875","c7d037bf-69ce-4174-80e0-6fb7cbfe5df3","23b051b3-aca7-48dc-8eaf-b3b62106954e","Opportunity $%& all data","opportunity-created","2f6cb567-07c6-4f20-aecb-362edfb5218d",\N,"1"
"2acf4f62-8602-4f7d-8813-97f770572f17","b85abefb-46ef-4bc5-aeda-d92c34b41875","7da658ac-5068-42eb-a8f0-fdbdb6897cca","b85abefb-46ef-4bc5-aeda-d92c34b41875","[challenge] 'admin-alkemio'","member-joined","6ef1e84a-8726-40a0-9c92-5049aac6c113",\N,"1"
"2fbf3629-7b1a-4530-8768-124fafc43900","b85abefb-46ef-4bc5-aeda-d92c34b41875","8b499630-3334-41b1-aabf-382abdfe840a","b85abefb-46ef-4bc5-aeda-d92c34b41875","[opportunity] 'admin-alkemio'","member-joined","487c80cb-d3d3-4ff8-ba3f-20d1519ef783",\N,"1"
"3163bba5-be0d-446e-8212-3414d9d96c36","b85abefb-46ef-4bc5-aeda-d92c34b41875","b95c42d9-ceba-4784-a089-68fe2be6fb62","b62a9939-416f-4aee-9bb8-dc6f0b669cb6","[space] 'space-member-8192'","member-joined","aafc604c-47bf-4023-b476-70fad04d331f",\N,"1"
"32c69b5e-1a85-4906-b3c9-7d6b75b88056","b85abefb-46ef-4bc5-aeda-d92c34b41875","b95c42d9-ceba-4784-a089-68fe2be6fb62","c4b1a283-8333-40b2-ab7b-e38a768730f8","[space] 'opportunity-member-3924'","member-joined","aafc604c-47bf-4023-b476-70fad04d331f",\N,"1"
"34ea6740-e9e5-4f1f-af4b-9869ba20157c","b85abefb-46ef-4bc5-aeda-d92c34b41875","30aba759-cf60-4c86-8e05-02eb13b19c74","f05b87c1-ea55-4f13-939d-10ba05c77ddb","[Callout for whiteboards - challenge left] - ","callout-published","30aba759-cf60-4c86-8e05-02eb13b19c74",\N,"1"
"36e50cb4-2285-404b-b860-67a71c46173b","b85abefb-46ef-4bc5-aeda-d92c34b41875","29cc2e07-a3b4-4ac8-a431-7e748d16c58a","e857fa6e-46cd-4e6c-9c9a-5172fc7bc68b","[last state - collection of links - left] - Temporary Link Id: wkke","callout-link-added","84b6f128-6c78-4a7f-b1b6-44dc9213858e",\N,"1"
"38f50f38-a455-4996-88cf-13a134c667a7","b85abefb-46ef-4bc5-aeda-d92c34b41875","c7d037bf-69ce-4174-80e0-6fb7cbfe5df3","fe167616-0196-4816-8691-7bedd89b30a1","[5th state - collection of links - left] - 5th state - collection of links - left\
","callout-published","c7d037bf-69ce-4174-80e0-6fb7cbfe5df3",\N,"1"
"392130be-41f8-4bf1-bf06-7dac88ec0bff","b85abefb-46ef-4bc5-aeda-d92c34b41875","c7d037bf-69ce-4174-80e0-6fb7cbfe5df3","966337d1-d7b6-4cbe-93f6-35367bcc6bd4","comment 1","post-comment","35be08f4-9bfa-494f-b35a-5f6f371fe5b8","$kI0jtME5Wagmnn1sbQZhHZdGbW9xhIz5pl48Nfk__3k","1"
"39da9470-a606-45c9-bc96-afd77655811a","b85abefb-46ef-4bc5-aeda-d92c34b41875","30aba759-cf60-4c86-8e05-02eb13b19c74","587fe68d-5e88-4449-a43e-6e7bfcb196ad","‚Ä¶ But women always pass in groups. I hid and waited. La Mauricia passed by with her jug ‚Äã‚Äãand I dragged her away. Every day a...","discussion-comment","30aba759-cf60-4c86-8e05-02eb13b19c74","$Q6gbq6U3v67IIq5U3ABzJsJqzsxNlDsJo3Wkcvp8JVY","1"
"3ab586c9-367b-40f0-96c3-a0f7a328d247","b85abefb-46ef-4bc5-aeda-d92c34b41875","29cc2e07-a3b4-4ac8-a431-7e748d16c58a","baa52e35-c7cb-418a-aa11-43dd30d751e5","[test3] - As a \\<persona or stakeholder type>\
\
I want \\<some software feature>\
\
So that \\<some business value>\
\
\\## Acceptanc...","post-created","f23d735c-bf4e-47a0-8e95-75b2dceee43b",\N,"1"
"3b99b450-e440-4c32-ba8f-ddc78d8cbcb7","b85abefb-46ef-4bc5-aeda-d92c34b41875","6746422d-3ca1-49b5-8f7f-cbfc7fea855b","c4b1a283-8333-40b2-ab7b-e38a768730f8","[challenge] 'opportunity-member-3924'","member-joined","97e7efa8-4c86-4b1b-a3c8-f21d639931e6",\N,"1"
"3ca3fe55-f8e0-4ef7-ac49-2d59c5c0159e","b85abefb-46ef-4bc5-aeda-d92c34b41875","29cc2e07-a3b4-4ac8-a431-7e748d16c58a","9955a624-0cd1-46bd-b0ba-96f2b8d1ee7b","[test7] - last state - call for posts - right\
","post-created","f9b4b648-94e2-487c-ab1a-ba0f2cce2653",\N,"1"
"3de1615c-9947-45be-adf8-f055b6e97d63","b85abefb-46ef-4bc5-aeda-d92c34b41875","8b499630-3334-41b1-aabf-382abdfe840a","aebf524b-f038-4241-95ce-add906f603c1","[opportunity] 'opportunity-admin-9459'","member-joined","487c80cb-d3d3-4ff8-ba3f-20d1519ef783",\N,"1"
"3f5a6f22-7091-4c36-b796-8bc0c8a58521","b85abefb-46ef-4bc5-aeda-d92c34b41875","911ce31a-a6ac-42d6-938b-d6c5dae61e26","0cc47708-6351-47ad-af68-c0e3a70f2c8d","[test11]","whiteboard-created","2ddd8806-fca7-4fc7-9eab-61a18a9ea9f0",\N,"1"
"3f68f093-517a-4b09-9e43-bf9ed6424aa4","b85abefb-46ef-4bc5-aeda-d92c34b41875","6746422d-3ca1-49b5-8f7f-cbfc7fea855b","79c31b1c-cca4-4f09-979e-70d4990f661e","[challenge] 'challenge-member-6097'","member-joined","97e7efa8-4c86-4b1b-a3c8-f21d639931e6",\N,"1"
"3fe18a26-4860-4337-8bad-c6a86503d017","b85abefb-46ef-4bc5-aeda-d92c34b41875","c7d037bf-69ce-4174-80e0-6fb7cbfe5df3","52c265cb-55a5-4c7b-8d33-4a2ae82a9e03","Informational Text Images\
Informational text uses images and graphics to enhance the depth and quality of information present...","discussion-comment","c7d037bf-69ce-4174-80e0-6fb7cbfe5df3","$Q49DHGy91bTmcoYXH4rf6ABlylDU_pvMOUk5Giky0xE","1"
"3ff1fc82-fbd6-4117-bd7d-bbaad6c8d8b6","b85abefb-46ef-4bc5-aeda-d92c34b41875","026d5343-ab42-4756-9ce1-e27e7dceb206","c3a50c83-8b2f-4965-964b-dbf9e6e540da","test","discussion-comment","026d5343-ab42-4756-9ce1-e27e7dceb206","$xYV8Rap2pivPGUP7cAFxyjnDEOFdJne6FZI4EkU4epQ","1"
"40726e1e-2b8d-43be-baee-0699c6241e93","b85abefb-46ef-4bc5-aeda-d92c34b41875","1158cc85-61d7-4488-a816-6b04b7c60783","789491f1-d132-49eb-9a42-191861329a92","test","discussion-comment","1158cc85-61d7-4488-a816-6b04b7c60783","$_0B8n8S15KLzuPNuRi7ZoLGW2LNWNg4qMnJ1iecEqx8","1"
"416ee817-5245-44a3-8103-6cdfa54dd237","b85abefb-46ef-4bc5-aeda-d92c34b41875","c7d037bf-69ce-4174-80e0-6fb7cbfe5df3","b85abefb-46ef-4bc5-aeda-d92c34b41875","[challenge] 'admin-alkemio'","member-joined","5049158a-5b0f-476d-bd0a-ef44afd78307",\N,"1"
"42c5c225-9f38-443e-b12c-b72fe4a0a81d","b85abefb-46ef-4bc5-aeda-d92c34b41875","b493d1de-bbf0-4cf7-97bc-f28d44c736f8","c40c04e5-bbfb-45a2-8d09-d22a3a022d1c","[test] - test\
","callout-published","b493d1de-bbf0-4cf7-97bc-f28d44c736f8",\N,"1"
"436dae22-62bd-492a-b72d-e9066c43f6c9","b85abefb-46ef-4bc5-aeda-d92c34b41875","29cc2e07-a3b4-4ac8-a431-7e748d16c58a","c9fc87c9-5b0e-46f2-82e4-18ae00e872a1","[4th state - collection of links - left] - Temporary Link Id: ALcu","callout-link-added","97f00ac5-ac63-4873-9d1b-e6c50a8346f3",\N,"1"
"467cbc09-f835-4013-814c-aeb53f2ce9a9","b85abefb-46ef-4bc5-aeda-d92c34b41875","29cc2e07-a3b4-4ac8-a431-7e748d16c58a","aebf524b-f038-4241-95ce-add906f603c1","[opportunity] 'opportunity-admin-9459'","member-joined","9441fa9c-a2d7-4294-9bda-bcc678f43231",\N,"1"
"470a718a-6ed7-4b62-9602-3b3ded2f735c","b85abefb-46ef-4bc5-aeda-d92c34b41875","30aba759-cf60-4c86-8e05-02eb13b19c74","c4b1a283-8333-40b2-ab7b-e38a768730f8","[space] 'opportunity-member-3924'","member-joined","76db810b-bac7-4f1f-ae78-6e0d5f691370",\N,"1"
"492605c2-8b9b-44fd-a49e-6d4058c8da83","b85abefb-46ef-4bc5-aeda-d92c34b41875","b493d1de-bbf0-4cf7-97bc-f28d44c736f8","924b0411-8c6c-4116-a4f5-9726fd094d31","Challenge of demo space","challenge-created","e87b61d8-b4f2-407a-b0c8-1331daed9bd2",\N,"1"
"49bca74d-49c6-412e-95d0-029ed80ca7dd","b85abefb-46ef-4bc5-aeda-d92c34b41875","7da658ac-5068-42eb-a8f0-fdbdb6897cca","705b41a3-dc4d-470b-b7f2-0e7ebe6a7a39","Opportunity of archived space","opportunity-created","0b9458d6-13c6-4597-afd7-1b29addf722c",\N,"1"
"49dc7b8c-beda-470e-9492-29936888db7a","b85abefb-46ef-4bc5-aeda-d92c34b41875","7da658ac-5068-42eb-a8f0-fdbdb6897cca","0c04fdbd-785c-47cf-94c6-2832a6f107a4","[challenge] 'challenge-admin-9545'","member-joined","6ef1e84a-8726-40a0-9c92-5049aac6c113",\N,"1"
"4bb07a72-479b-4d83-b935-89bc19af53cd","b85abefb-46ef-4bc5-aeda-d92c34b41875","7da658ac-5068-42eb-a8f0-fdbdb6897cca","c4b1a283-8333-40b2-ab7b-e38a768730f8","[challenge] 'opportunity-member-3924'","member-joined","6ef1e84a-8726-40a0-9c92-5049aac6c113",\N,"1"
"4dff14d9-123c-49d2-9674-9bd70d861e27","b85abefb-46ef-4bc5-aeda-d92c34b41875","911ce31a-a6ac-42d6-938b-d6c5dae61e26","b9e4dc2e-b481-40ab-9c1f-3811c16f17d5","[Recommended by the Leads] - Temporary Link Id: inaM","callout-link-added","cdffa482-e7b2-423c-bbc8-5e6627b5cd58",\N,"1"
"4f0f9c43-e8c2-45c9-a14d-c941afbf57ca","b85abefb-46ef-4bc5-aeda-d92c34b41875","c7d037bf-69ce-4174-80e0-6fb7cbfe5df3","aebf524b-f038-4241-95ce-add906f603c1","[challenge] 'opportunity-admin-9459'","member-joined","5049158a-5b0f-476d-bd0a-ef44afd78307",\N,"1"
"4f82bc0d-2ff8-427b-be28-1afd7530c719","b85abefb-46ef-4bc5-aeda-d92c34b41875","b493d1de-bbf0-4cf7-97bc-f28d44c736f8","0c04fdbd-785c-47cf-94c6-2832a6f107a4","[space] 'challenge-admin-9545'","member-joined","dcdc6f49-dabf-4367-9d20-cef3cfd73c65",\N,"1"
"50ae2a45-43e4-4531-8c45-491169feb474","b85abefb-46ef-4bc5-aeda-d92c34b41875","45fb96f2-d090-4695-816b-244624c62412","4125b2c9-44a8-4107-b1c4-cbc0e103f367","[test] - ‚úçÔ∏è Please share your contribution. The more details the better!","post-created","bd1fd363-d2e6-43de-b774-d12a331270ee",\N,"1"
"530d0dfb-f7dd-4812-a065-3f039ce1f961","b85abefb-46ef-4bc5-aeda-d92c34b41875","026d5343-ab42-4756-9ce1-e27e7dceb206","9475cb32-a262-4772-b5c1-f18fe0fe3d24","[123] - Please share your contribution. The more details the better!","post-created","5744fe1e-bc7c-481c-b742-fe62b3584953",\N,"1"
"53908530-b2ed-4644-bfdd-b5f95b2d6070","b85abefb-46ef-4bc5-aeda-d92c34b41875","b493d1de-bbf0-4cf7-97bc-f28d44c736f8","79c31b1c-cca4-4f09-979e-70d4990f661e","[space] 'challenge-member-6097'","member-joined","dcdc6f49-dabf-4367-9d20-cef3cfd73c65",\N,"1"
"554c68b7-d369-41c3-82bc-f45d3cca6645","b85abefb-46ef-4bc5-aeda-d92c34b41875","29cc2e07-a3b4-4ac8-a431-7e748d16c58a","d3f41c72-552f-4f15-af41-5ca1100520cc","[whiteboard - dashboard - right] - whiteboard - dashboard - right\
","callout-published","29cc2e07-a3b4-4ac8-a431-7e748d16c58a",\N,"1"
"58ff4a64-6db0-4392-a5b8-b548501c4651","b85abefb-46ef-4bc5-aeda-d92c34b41875","29cc2e07-a3b4-4ac8-a431-7e748d16c58a","f23d735c-bf4e-47a0-8e95-75b2dceee43b","[2nd state - call for posts - right] - 2nd state - call for posts - right\
","callout-published","29cc2e07-a3b4-4ac8-a431-7e748d16c58a",\N,"1"
"5a8969f8-bf59-4bde-886c-ce06f67d3a26","b85abefb-46ef-4bc5-aeda-d92c34b41875","1158cc85-61d7-4488-a816-6b04b7c60783","70c91883-7250-492a-90a0-eca3dd649fb3","[123] - Please share your contribution. The more details the better!","post-created","9d774289-9943-4235-a532-063d3c87f5bc",\N,"1"
"5a94d196-6e04-4f3b-b78a-503c8ae8b0cf","b85abefb-46ef-4bc5-aeda-d92c34b41875","7da658ac-5068-42eb-a8f0-fdbdb6897cca","0d244727-ae95-473e-9b99-59ce3c83f367","[Recommended by the Leads] - Temporary Link Id: udBD","callout-link-added","f9473723-aa8d-43c3-80b3-335b1eb9742f",\N,"1"
"5b6d8c3c-dd7a-4d26-8dc6-0bb115c41549","b85abefb-46ef-4bc5-aeda-d92c34b41875","b95c42d9-ceba-4784-a089-68fe2be6fb62","0c04fdbd-785c-47cf-94c6-2832a6f107a4","[space] 'challenge-admin-9545'","member-joined","aafc604c-47bf-4023-b476-70fad04d331f",\N,"1"
"5bb22f16-c517-481b-9b0e-580532280a82","b85abefb-46ef-4bc5-aeda-d92c34b41875","c7d037bf-69ce-4174-80e0-6fb7cbfe5df3","5cdf4077-6951-49f9-bc1b-d95945731f47","[5th state - collection of links - left] - Temporary Link Id: 5zdI","callout-link-added","fe167616-0196-4816-8691-7bedd89b30a1",\N,"1"
"5c3e1531-692b-4bd3-af9f-58452ccd3318","b85abefb-46ef-4bc5-aeda-d92c34b41875","911ce31a-a6ac-42d6-938b-d6c5dae61e26","0c04fdbd-785c-47cf-94c6-2832a6f107a4","[challenge] 'challenge-admin-9545'","member-joined","4169c65e-e45f-4830-a533-c0f104d51c91",\N,"1"
"5db0fbda-21ed-44f7-ae2c-c35ca8efec7f","b85abefb-46ef-4bc5-aeda-d92c34b41875","026d5343-ab42-4756-9ce1-e27e7dceb206","352e5dfd-507a-4c6e-95b0-08877981f4ce","[123]","whiteboard-created","29395258-fb26-4192-9b77-8ac139a956e3",\N,"1"
"5e000b68-603c-4712-8e5c-931875edc30c","b85abefb-46ef-4bc5-aeda-d92c34b41875","c7d037bf-69ce-4174-80e0-6fb7cbfe5df3","6d030316-6e1b-488f-b4e3-54026717b82e","[Recommended by the Leads] - Temporary Link Id: 78ZS","callout-link-added","6449f5d9-6711-4ea1-8dbe-9e8423d30c57",\N,"1"
"5fe1423e-1aea-45d9-95d4-63587f74e595","b85abefb-46ef-4bc5-aeda-d92c34b41875","c7d037bf-69ce-4174-80e0-6fb7cbfe5df3","3615dbf4-a29d-4a86-9277-a38284d8e386","[3rd state - collection of links - left] - 3rd state - collection of links - left\
","callout-published","c7d037bf-69ce-4174-80e0-6fb7cbfe5df3",\N,"1"
"604f4ba5-b665-4d1f-bfaf-dbbf65dd0dfe","b85abefb-46ef-4bc5-aeda-d92c34b41875","45fb96f2-d090-4695-816b-244624c62412","aebf524b-f038-4241-95ce-add906f603c1","[space] 'opportunity-admin-9459'","member-joined","37ddc9c9-d3c5-40f9-b6dd-09bd384dbea4",\N,"1"
"66481957-83be-4d1b-8e41-798f0cf3ff5f","b85abefb-46ef-4bc5-aeda-d92c34b41875","6746422d-3ca1-49b5-8f7f-cbfc7fea855b","b85abefb-46ef-4bc5-aeda-d92c34b41875","[challenge] 'admin-alkemio'","member-joined","97e7efa8-4c86-4b1b-a3c8-f21d639931e6",\N,"1"
"68733468-a5da-43cf-a5e2-45f918cc299d","b85abefb-46ef-4bc5-aeda-d92c34b41875","911ce31a-a6ac-42d6-938b-d6c5dae61e26","d11940d2-f8b4-42cf-b243-e7c554f2cf87","Opportunity of demo space","opportunity-created","924b0411-8c6c-4116-a4f5-9726fd094d31",\N,"1"
"68968b33-2d3b-4ff4-9f8a-ce2a58a5e5cd","b85abefb-46ef-4bc5-aeda-d92c34b41875","b95c42d9-ceba-4784-a089-68fe2be6fb62","6f7083e9-d83d-48b4-bdf6-1d760ff998fb","[space] 'space-admin-677'","member-joined","aafc604c-47bf-4023-b476-70fad04d331f",\N,"1"
"6aa2f61b-6c7c-404e-b5b7-9ebbc9e788e5","b85abefb-46ef-4bc5-aeda-d92c34b41875","c7d037bf-69ce-4174-80e0-6fb7cbfe5df3","62bc47e8-2081-495d-9f93-a7854cebf8b3","[whiteboard - opportunities - right] - whiteboard - opportunities - right\
","callout-published","c7d037bf-69ce-4174-80e0-6fb7cbfe5df3",\N,"1"
"6be62a5b-b0d5-42c8-9fee-3e5acbe0885e","b85abefb-46ef-4bc5-aeda-d92c34b41875","6746422d-3ca1-49b5-8f7f-cbfc7fea855b","55d92697-94ed-4721-bf97-59f3f4cd7b0a","123","discussion-comment","6746422d-3ca1-49b5-8f7f-cbfc7fea855b","$lZSPzy8XSOc1NdGGcLXgY0xTw-oUHePA9YxoGoBCFzk","1"
"6dc63c85-1251-49a3-918c-2564c900c544","b85abefb-46ef-4bc5-aeda-d92c34b41875","29cc2e07-a3b4-4ac8-a431-7e748d16c58a","f9b4b648-94e2-487c-ab1a-ba0f2cce2653","[last state - call for posts - right] - last state - call for posts - right\
","callout-published","29cc2e07-a3b4-4ac8-a431-7e748d16c58a",\N,"1"
"6e3a516e-2477-4ce3-bcbc-cf94fad62953","b85abefb-46ef-4bc5-aeda-d92c34b41875","8b499630-3334-41b1-aabf-382abdfe840a","af6dd19d-3544-4d5b-8dcf-27bac286fcde","[test2]","whiteboard-created","54c65dc1-1866-4290-917c-43d909fa40cb",\N,"1"
"6ec08ae4-d297-45a2-9678-927575cc90dd","b85abefb-46ef-4bc5-aeda-d92c34b41875","30aba759-cf60-4c86-8e05-02eb13b19c74","587fe68d-5e88-4449-a43e-6e7bfcb196ad","[Post callout - Dashboard left] - *   **Brackets \\[]**. The appearance in the middle of a short or long quotation of a text i...","callout-published","30aba759-cf60-4c86-8e05-02eb13b19c74",\N,"1"
"6f480136-79a0-42a0-bbf5-ad3ab95597df","b85abefb-46ef-4bc5-aeda-d92c34b41875","b493d1de-bbf0-4cf7-97bc-f28d44c736f8","14fa8d25-deb1-4f0e-9761-c83bb351a1bc","[test2]","whiteboard-created","de7e784b-e1f9-40db-a829-11cf57a3aa62",\N,"1"
"6fd796fd-bf3c-46d7-8f5f-41a89bfd1023","b85abefb-46ef-4bc5-aeda-d92c34b41875","45fb96f2-d090-4695-816b-244624c62412","c4b1a283-8333-40b2-ab7b-e38a768730f8","[space] 'opportunity-member-3924'","member-joined","37ddc9c9-d3c5-40f9-b6dd-09bd384dbea4",\N,"1"
"72f8a0ad-0b90-4298-8803-6c7ef5b234ef","b85abefb-46ef-4bc5-aeda-d92c34b41875","1158cc85-61d7-4488-a816-6b04b7c60783","90edbd16-1762-4dfe-8a22-7b848fe7269e","[Recommended by the Host] - Temporary Link Id: 6Jz6","callout-link-added","8d09bcdd-9454-4b78-88aa-ea25f817d002",\N,"1"
"763d8801-796d-4b5a-9ada-428e1581c768","b85abefb-46ef-4bc5-aeda-d92c34b41875","c7d037bf-69ce-4174-80e0-6fb7cbfe5df3","d7aabdc9-d092-4d9a-9bf7-abc02c3334c9","[4th state - post - left] - 4th state - post - left\
","callout-published","c7d037bf-69ce-4174-80e0-6fb7cbfe5df3",\N,"1"
"78d2521e-0a1b-4881-9c44-d3f31a1a75a2","b85abefb-46ef-4bc5-aeda-d92c34b41875","b95c42d9-ceba-4784-a089-68fe2be6fb62","1a143168-2b1a-4dd1-b30d-26eb71eb0e6b","The first element of text formatting is organization. Informational text organization begins with a **table of contents**, wh...","update-sent","aafc604c-47bf-4023-b476-70fad04d331f","$Let4UEViWrPHZ_c0Kb1rnsGuSWTYMkwyQM2Kxmmt9Rg","1"
"79be3361-bef3-42f5-8fe0-e100a00a1018","b85abefb-46ef-4bc5-aeda-d92c34b41875","29cc2e07-a3b4-4ac8-a431-7e748d16c58a","76c749ca-a60e-413f-8fcf-e229f5ffb5f7","[3rd state - whiteboards - left] - 3rd state - whiteboards - left\
","callout-published","29cc2e07-a3b4-4ac8-a431-7e748d16c58a",\N,"1"
"79d261ba-713a-4d0f-834c-3c3074dcd375","b85abefb-46ef-4bc5-aeda-d92c34b41875","7da658ac-5068-42eb-a8f0-fdbdb6897cca","657c6a3c-116f-4563-90ce-3c343ea76f52","test","discussion-comment","7da658ac-5068-42eb-a8f0-fdbdb6897cca","$ZUzfMmj-qFoQ70k3k7EKlYhZhsg5N47i8_RhxGCdtLo","1"
"7b29bcbb-bb38-4d9d-8461-4da2b46cf08e","b85abefb-46ef-4bc5-aeda-d92c34b41875","29cc2e07-a3b4-4ac8-a431-7e748d16c58a","45cad843-a2b7-44d8-86eb-644e1b7f40c6","### **Informational Text Organization**\
\
The first element of text formatting is organization. Informational text organizatio...","update-sent","9441fa9c-a2d7-4294-9bda-bcc678f43231","$lyuBgeQliR43RHbZtYy8VH06ZRwAmJZLvQ4ebPgf7nI","1"
"7d09eb35-a210-4a7d-b96a-90e8e82fef8c","b85abefb-46ef-4bc5-aeda-d92c34b41875","b493d1de-bbf0-4cf7-97bc-f28d44c736f8","b62a9939-416f-4aee-9bb8-dc6f0b669cb6","[space] 'space-member-8192'","member-joined","dcdc6f49-dabf-4367-9d20-cef3cfd73c65",\N,"1"
"7eeb000a-a76e-4fc5-bc65-624c2a6e66ab","b85abefb-46ef-4bc5-aeda-d92c34b41875","6746422d-3ca1-49b5-8f7f-cbfc7fea855b","aba8e66c-b909-4b9f-8587-f16a23d37c42","[111] - ‚úçÔ∏è Please share your contribution. The more details the better!","post-created","f12bc36e-eb35-43da-b32f-40cb822025f4",\N,"1"
"80611fde-9ce0-4c66-8f16-eb408d1aceaa","b85abefb-46ef-4bc5-aeda-d92c34b41875","29cc2e07-a3b4-4ac8-a431-7e748d16c58a","549928d5-dfcb-44b3-9d8c-dec827bffff1","test","discussion-comment","29cc2e07-a3b4-4ac8-a431-7e748d16c58a","$euLG4AmWYjJ2afOHbaDNCEzf9JsSlSsHFElwG0LkU38","1"
"8061eb37-612c-4e12-bb89-1cf0f6c15846","b85abefb-46ef-4bc5-aeda-d92c34b41875","7da658ac-5068-42eb-a8f0-fdbdb6897cca","79c31b1c-cca4-4f09-979e-70d4990f661e","[challenge] 'challenge-member-6097'","member-joined","6ef1e84a-8726-40a0-9c92-5049aac6c113",\N,"1"
"80c88186-b977-4eec-8581-a615b1a9ce6e","b85abefb-46ef-4bc5-aeda-d92c34b41875","29cc2e07-a3b4-4ac8-a431-7e748d16c58a","bd07111e-70e0-40f6-b41a-519c0eb2b06b","[2nd state - collection of link - left] - Temporary Link Id: nJXe","callout-link-added","1c91427c-d55b-4e1c-9b44-f9a4130c6c34",\N,"1"
"818cdb31-c4c5-48eb-a9d9-64c4072ebe98","b85abefb-46ef-4bc5-aeda-d92c34b41875","8b499630-3334-41b1-aabf-382abdfe840a","70ff5ae5-4986-4440-aa75-ab8be5902c10","[test77] - üí≠Start with your Name and Surname,üòäThen write a line or two about what you are currently involved with and why y...","post-created","d19e2ebe-bf54-40f9-ae42-6f3e603e0e87",\N,"1"
"833fb64e-ea9b-43cc-84c6-d783d62b476b","b85abefb-46ef-4bc5-aeda-d92c34b41875","1158cc85-61d7-4488-a816-6b04b7c60783","cfcd2280-4ace-410a-95b1-0750bdf304fa","test","discussion-comment","1158cc85-61d7-4488-a816-6b04b7c60783","$eEZM2qEYzwRh_Kyp9-iFPzAF0CwNgP-C917DT3Lecp4","1"
"8402c782-a411-4190-b8f7-3c09cf18462f","b85abefb-46ef-4bc5-aeda-d92c34b41875","911ce31a-a6ac-42d6-938b-d6c5dae61e26","b85abefb-46ef-4bc5-aeda-d92c34b41875","[challenge] 'admin-alkemio'","member-joined","4169c65e-e45f-4830-a533-c0f104d51c91",\N,"1"
"846de0b3-93ed-49ec-b0f6-6e07a72cba63","b85abefb-46ef-4bc5-aeda-d92c34b41875","29cc2e07-a3b4-4ac8-a431-7e748d16c58a","f57e97ee-a5b4-4112-92d3-b0ca28374f1a","[1st state - post - left] - 1st state - post - left\
","callout-published","29cc2e07-a3b4-4ac8-a431-7e748d16c58a",\N,"1"
"87eb4ab9-0c68-477a-b81d-ba83be7e527a","b85abefb-46ef-4bc5-aeda-d92c34b41875","b493d1de-bbf0-4cf7-97bc-f28d44c736f8","c4b1a283-8333-40b2-ab7b-e38a768730f8","[space] 'opportunity-member-3924'","member-joined","dcdc6f49-dabf-4367-9d20-cef3cfd73c65",\N,"1"
"890d153a-c892-422e-82ce-7ba917bc9582","b85abefb-46ef-4bc5-aeda-d92c34b41875","b493d1de-bbf0-4cf7-97bc-f28d44c736f8","b70073bf-4bdc-480f-9c29-e400a403382c","[test1] - ‚úçÔ∏è Please share your contribution. The more details the better!","post-created","f5d93e81-8c3d-41fa-aaca-86b7fb8ca417",\N,"1"
"8ba02768-7375-4e87-9921-d8ded5fa67ee","b85abefb-46ef-4bc5-aeda-d92c34b41875","30aba759-cf60-4c86-8e05-02eb13b19c74","0c04fdbd-785c-47cf-94c6-2832a6f107a4","[space] 'challenge-admin-9545'","member-joined","76db810b-bac7-4f1f-ae78-6e0d5f691370",\N,"1"
"8ba73f68-a545-4db5-874d-125e5add5391","b85abefb-46ef-4bc5-aeda-d92c34b41875","45fb96f2-d090-4695-816b-244624c62412","e89dd3ab-4c52-4bad-81ec-100ca423c1ef","[calendar event] - ocation:\
\
URL:\
\
Description:","calendar-event-created","c9fdd0b6-de5b-427e-b0fc-794049da7149",\N,"1"
"8c8a6ddf-36a6-427d-9620-705ea00ee0b7","b85abefb-46ef-4bc5-aeda-d92c34b41875","30aba759-cf60-4c86-8e05-02eb13b19c74","2f6cb567-07c6-4f20-aecb-362edfb5218d","Public challange $#& all data","challenge-created","61f91076-c66e-4c53-ae75-1b490e029d04",\N,"1"
"8dfff259-d9f8-4576-af62-85f45d539041","b85abefb-46ef-4bc5-aeda-d92c34b41875","1158cc85-61d7-4488-a816-6b04b7c60783","9ebf026e-c69d-4e80-b891-f0b29b8fd8f8","[Recommended by the Host] - Temporary Link Id: LI61","callout-link-added","8d09bcdd-9454-4b78-88aa-ea25f817d002",\N,"1"
"9545432e-e141-47c1-84df-5b70124b4175","b85abefb-46ef-4bc5-aeda-d92c34b41875","c7d037bf-69ce-4174-80e0-6fb7cbfe5df3","d7aabdc9-d092-4d9a-9bf7-abc02c3334c9","left","discussion-comment","c7d037bf-69ce-4174-80e0-6fb7cbfe5df3","$5N66zfNqu7PwVYGnm3mW49znhjIwxnNUMuDIws5-or0","1"
"9673a019-b1a7-4466-8cde-c981267a3fbd","b85abefb-46ef-4bc5-aeda-d92c34b41875","c7d037bf-69ce-4174-80e0-6fb7cbfe5df3","7c297345-efaa-4854-ab64-4737f40bbcfc","[Whiteboard - dashboard right] - ### **Informational Text Images**\
\
Informational text uses **images and graphics** to enhanc...","callout-published","c7d037bf-69ce-4174-80e0-6fb7cbfe5df3",\N,"1"
"96975f2a-bba9-4fc0-b8c5-8a553c0aa0c8","b85abefb-46ef-4bc5-aeda-d92c34b41875","911ce31a-a6ac-42d6-938b-d6c5dae61e26","6f86844a-ae2f-4466-bdfc-a1cfe9995623","[Recommended by the Leads] - Temporary Link Id: aBtv","callout-link-added","cdffa482-e7b2-423c-bbc8-5e6627b5cd58",\N,"1"
"97afee3e-1c16-483a-9d74-e65903f84667","b85abefb-46ef-4bc5-aeda-d92c34b41875","7da658ac-5068-42eb-a8f0-fdbdb6897cca","f188ffe9-ba8c-45da-9520-565f65486ba1","[test4]","whiteboard-created","70712168-81c3-4849-88bf-422ddaf2d8ea",\N,"1"
"97cd2215-fd13-4d86-9cb3-8a90ebc302ad","b85abefb-46ef-4bc5-aeda-d92c34b41875","30aba759-cf60-4c86-8e05-02eb13b19c74","7973a11f-d565-44e7-bf1b-0e68dfccdea0","[Collection of links - community - left] - ","callout-published","30aba759-cf60-4c86-8e05-02eb13b19c74",\N,"1"
"9841fc03-a1c4-4b4c-afaa-57d2bb6fcfa6","b85abefb-46ef-4bc5-aeda-d92c34b41875","7da658ac-5068-42eb-a8f0-fdbdb6897cca","1cf2a1aa-78be-4e6b-b45b-4a2e0cc1a646","[test23] - ‚úçÔ∏è Please share your contribution. The more details the better!","post-created","cde57e60-3ce2-4a9d-a710-c60c8edbdea8",\N,"1"
"98bd93ab-43ed-4570-a567-93ad2ab6de45","b85abefb-46ef-4bc5-aeda-d92c34b41875","b95c42d9-ceba-4784-a089-68fe2be6fb62","6c07a299-afab-4583-8b4c-ac6207528963","Private challenge","challenge-created","9d80a19f-dbd2-4243-b8e1-2a6163b7c548",\N,"1"
"9a4c2779-f072-4a1a-92ac-ed2e72e48d15","b85abefb-46ef-4bc5-aeda-d92c34b41875","911ce31a-a6ac-42d6-938b-d6c5dae61e26","79c31b1c-cca4-4f09-979e-70d4990f661e","[challenge] 'challenge-member-6097'","member-joined","4169c65e-e45f-4830-a533-c0f104d51c91",\N,"1"
"9cbe559d-75cc-425f-96a3-4efedb87fe5d","b85abefb-46ef-4bc5-aeda-d92c34b41875","c7d037bf-69ce-4174-80e0-6fb7cbfe5df3","52c265cb-55a5-4c7b-8d33-4a2ae82a9e03","[Post - dashboard left] - Post - dashboard left\
","callout-published","c7d037bf-69ce-4174-80e0-6fb7cbfe5df3",\N,"1"
"9d333cd1-1037-4d40-be02-6a0b73d32cc4","b85abefb-46ef-4bc5-aeda-d92c34b41875","1158cc85-61d7-4488-a816-6b04b7c60783","6dea4a63-c9d8-41ba-8c01-94a299ae2b89","[32123]","whiteboard-created","201c6d9f-bd73-4be9-8a03-fd1dbdadbb06",\N,"1"
"9d944bed-456f-4d2d-adf9-01ecf1a8486f","b85abefb-46ef-4bc5-aeda-d92c34b41875","8b499630-3334-41b1-aabf-382abdfe840a","50c6b1bb-4099-42c9-9eec-c63c9b6326d1","test","discussion-comment","8b499630-3334-41b1-aabf-382abdfe840a","$JFUsMffHhRTi5VOpzSPygBZhjv2Kzow0BV3sMXjhLnY","1"
"9edae77e-1f52-4fe1-af79-b7ce3975cc0f","b85abefb-46ef-4bc5-aeda-d92c34b41875","45fb96f2-d090-4695-816b-244624c62412","b85abefb-46ef-4bc5-aeda-d92c34b41875","[space] 'admin-alkemio'","member-joined","37ddc9c9-d3c5-40f9-b6dd-09bd384dbea4",\N,"1"
"9fbba663-8f1f-4aa6-93f7-103e5ce602c2","b85abefb-46ef-4bc5-aeda-d92c34b41875","30aba759-cf60-4c86-8e05-02eb13b19c74","b85abefb-46ef-4bc5-aeda-d92c34b41875","[space] 'admin-alkemio'","member-joined","76db810b-bac7-4f1f-ae78-6e0d5f691370",\N,"1"
"a26bb4c1-ee92-49b9-9e5b-45f32ddf1e96","b85abefb-46ef-4bc5-aeda-d92c34b41875","b493d1de-bbf0-4cf7-97bc-f28d44c736f8","7f130319-ec5f-4622-b1e8-2b55a46a757c","### **Informational Text Images**\
\
Informational text uses **images and graphics** to enhance the depth and quality of inform...","update-sent","dcdc6f49-dabf-4367-9d20-cef3cfd73c65","$zBGy9WelssgZlgqRGqlX1w5dmRvNiM5zrSQ0tY6VcJk","1"
"a4d3ca94-9163-40b1-a3bb-4549da845d59","b85abefb-46ef-4bc5-aeda-d92c34b41875","b493d1de-bbf0-4cf7-97bc-f28d44c736f8","71ab01a8-353c-43b0-8868-7e87fdf68f44","test","discussion-comment","b493d1de-bbf0-4cf7-97bc-f28d44c736f8","$JAIK6lOFvt8MPuf45g4upWsYg73pxsk69mhVFskTukc","1"
"a66ce6d0-4f47-4114-9c11-c1918a563452","b85abefb-46ef-4bc5-aeda-d92c34b41875","29cc2e07-a3b4-4ac8-a431-7e748d16c58a","a69c116d-5921-42d4-a83c-47f9a9c817d2","comment existing callout\
","discussion-comment","29cc2e07-a3b4-4ac8-a431-7e748d16c58a","$zGEgxlPwPS4lhUBD2PTLVqQtX0DcuCJRsN2rrVb2g9U","1"
"a7b822f9-a1cb-4355-8c5a-9f34f151ed1a","b85abefb-46ef-4bc5-aeda-d92c34b41875","1158cc85-61d7-4488-a816-6b04b7c60783","aebf524b-f038-4241-95ce-add906f603c1","[opportunity] 'opportunity-admin-9459'","member-joined","83490da0-9d67-4400-8192-46bbe6524fb7",\N,"1"
"a8cca561-d3fb-47d8-8e5c-dbee11ebb191","b85abefb-46ef-4bc5-aeda-d92c34b41875","c7d037bf-69ce-4174-80e0-6fb7cbfe5df3","0c04fdbd-785c-47cf-94c6-2832a6f107a4","[challenge] 'challenge-admin-9545'","member-joined","5049158a-5b0f-476d-bd0a-ef44afd78307",\N,"1"
"a93de1a8-3cb8-41b1-acb3-e3f6a1b01af7","b85abefb-46ef-4bc5-aeda-d92c34b41875","911ce31a-a6ac-42d6-938b-d6c5dae61e26","48850f0b-7202-4523-949c-ac4971912217","### **Written Cues in Informational Text**\
\
**Written cues** are those visual variations in a written text that draw the read...","update-sent","4169c65e-e45f-4830-a533-c0f104d51c91","$YVACWbNb9--eVTHtdw-zgEzoGQRsUs6KO0-adKQTyWc","1"
"abcf6ed2-2718-4132-94aa-77d70095ee67","b85abefb-46ef-4bc5-aeda-d92c34b41875","911ce31a-a6ac-42d6-938b-d6c5dae61e26","c4b1a283-8333-40b2-ab7b-e38a768730f8","[challenge] 'opportunity-member-3924'","member-joined","4169c65e-e45f-4830-a533-c0f104d51c91",\N,"1"
"af3e1109-1c27-4b73-bded-b3e0bd91af90","b85abefb-46ef-4bc5-aeda-d92c34b41875","b493d1de-bbf0-4cf7-97bc-f28d44c736f8","22f98f6e-4ee3-4241-90b3-dfe152281d18","[another event] - ocation:\
\
URL:\
\
Description:","calendar-event-created","33aeffa5-a104-4828-b8f7-59aeeba90992",\N,"1"
"b709e6d3-ae06-480d-af6d-f23748ac9f70","b85abefb-46ef-4bc5-aeda-d92c34b41875","8b499630-3334-41b1-aabf-382abdfe840a","ce3f4acf-de8c-4338-940a-fdc14db674be","[test1] - Please share your contribution. The more details the better!","post-created","26dfc4fb-d038-4227-9564-fc1a5c628108",\N,"1"
"b8b8983e-6a4a-4a2b-9112-658c584cd75c","b85abefb-46ef-4bc5-aeda-d92c34b41875","026d5343-ab42-4756-9ce1-e27e7dceb206","fcb9a404-fb15-4bd2-ac0c-634c88b036aa","***Written Cues in Informational Text***\
\
**Written cues** are those visual variations in a written text that draw the reader...","update-sent","f1530520-9244-43a8-90d6-24c8abf619e6","$QMTUvwUZ5UF9yEcPwk8ziR4PbmM5ew7nv_MaF5EpnII","1"
"bba1f414-74d2-4c7c-8741-60c16074cb3c","b85abefb-46ef-4bc5-aeda-d92c34b41875","026d5343-ab42-4756-9ce1-e27e7dceb206","dec2cbd6-faae-4327-b355-d642ee2e1db7","[test] - As a \\<persona or stakeholder type>\
\
I want \\<some software feature>\
\
So that \\<some business value>\
\
\\## Acceptance...","post-created","5043bb72-3693-4f74-8631-510c755916f7",\N,"1"
"bc9f10ff-50d6-43aa-9073-621a6f7821ed","b85abefb-46ef-4bc5-aeda-d92c34b41875","45fb96f2-d090-4695-816b-244624c62412","cd2492c3-ed09-4870-8536-3c5a074a1b74","[test2]","whiteboard-created","73b4cfb3-4e1c-4ce9-a777-b02184825d06",\N,"1"
"bcb6da7e-b602-4e7f-b04a-f37182e5d3cd","b85abefb-46ef-4bc5-aeda-d92c34b41875","c7d037bf-69ce-4174-80e0-6fb7cbfe5df3","c4b1a283-8333-40b2-ab7b-e38a768730f8","[challenge] 'opportunity-member-3924'","member-joined","5049158a-5b0f-476d-bd0a-ef44afd78307",\N,"1"
"bce544a9-0b7c-43d9-8be2-862df4ff8db5","b85abefb-46ef-4bc5-aeda-d92c34b41875","8b499630-3334-41b1-aabf-382abdfe840a","c4b1a283-8333-40b2-ab7b-e38a768730f8","[opportunity] 'opportunity-member-3924'","member-joined","487c80cb-d3d3-4ff8-ba3f-20d1519ef783",\N,"1"
"bce72d06-960a-407b-91b3-cb1005d7d816","b85abefb-46ef-4bc5-aeda-d92c34b41875","30aba759-cf60-4c86-8e05-02eb13b19c74","979c4c47-5b9a-4b05-a3a5-f580a8ac53d6","[Test 1 post (aspect)] - Call for posts - Community right\
\
![](http://localhost:3000/api/private/rest/storage/document/ec6dda...","post-created","72411208-1e62-45d5-8d9d-1b223bd9bdfc",\N,"1"
"bd7f1d0c-8ff0-4b25-b40a-66da9a0b12b6","b85abefb-46ef-4bc5-aeda-d92c34b41875","911ce31a-a6ac-42d6-938b-d6c5dae61e26","605200fe-c8cb-4a9a-8d52-102961dc0665","[test] - test\
","callout-published","911ce31a-a6ac-42d6-938b-d6c5dae61e26",\N,"1"
"becd9306-d503-41eb-81d7-d2019da6a5cd","b85abefb-46ef-4bc5-aeda-d92c34b41875","29cc2e07-a3b4-4ac8-a431-7e748d16c58a","84b6f128-6c78-4a7f-b1b6-44dc9213858e","[last state - collection of links - left] - last state - collection of links - left\
","callout-published","29cc2e07-a3b4-4ac8-a431-7e748d16c58a",\N,"1"
"bfa90efd-c72d-4568-8a89-0c279e085040","b85abefb-46ef-4bc5-aeda-d92c34b41875","7da658ac-5068-42eb-a8f0-fdbdb6897cca","50318eb6-e098-4936-82b4-7f8624724c98","[Post - Opportunities - Left] - Post - Opportunities - Left\
","callout-published","7da658ac-5068-42eb-a8f0-fdbdb6897cca",\N,"1"
"c1d65123-bc43-4aed-acb0-8964f6fbdd0b","b85abefb-46ef-4bc5-aeda-d92c34b41875","30aba759-cf60-4c86-8e05-02eb13b19c74","b4adb7a3-3e92-4608-9448-f79c456b424f","[First whiteboard]","whiteboard-created","f05b87c1-ea55-4f13-939d-10ba05c77ddb",\N,"1"
"c281e100-b156-43a4-a276-8b1121b51f92","b85abefb-46ef-4bc5-aeda-d92c34b41875","1158cc85-61d7-4488-a816-6b04b7c60783","fe40cd88-0a39-4dd3-8150-e2e5b52b1080","[Recommended by the Host] - Temporary Link Id: cIcm","callout-link-added","8d09bcdd-9454-4b78-88aa-ea25f817d002",\N,"1"
"c2f85375-f301-4a49-9adc-e591d2d2322f","b85abefb-46ef-4bc5-aeda-d92c34b41875","6746422d-3ca1-49b5-8f7f-cbfc7fea855b","aebf524b-f038-4241-95ce-add906f603c1","[challenge] 'opportunity-admin-9459'","member-joined","97e7efa8-4c86-4b1b-a3c8-f21d639931e6",\N,"1"
"c3675527-e8d3-4085-a6a3-f3a93d83cf1a","b85abefb-46ef-4bc5-aeda-d92c34b41875","6746422d-3ca1-49b5-8f7f-cbfc7fea855b","b35e5dbd-e3f5-4a24-bf5f-c7870bb9bab9","[222]","whiteboard-created","efd889d7-45e6-4a57-95c2-aa7f1d52918f",\N,"1"
"c3b154d0-4bb4-41ad-8484-668823bec582","b85abefb-46ef-4bc5-aeda-d92c34b41875","026d5343-ab42-4756-9ce1-e27e7dceb206","dec2cbd6-faae-4327-b355-d642ee2e1db7","comment","post-comment","5043bb72-3693-4f74-8631-510c755916f7","$ajH-4WglsIq0oP2sdwctcHjB-Jv_2jLOmST6muCtdbY","1"
"c5ff8744-e46e-48b8-ba3d-86124c494723","b85abefb-46ef-4bc5-aeda-d92c34b41875","30aba759-cf60-4c86-8e05-02eb13b19c74","d9e4e0da-22c0-4a34-a4b5-515eab6cce65","[Collection of links - community - left] - Temporary Link Id: IIYj","callout-link-added","7973a11f-d565-44e7-bf1b-0e68dfccdea0",\N,"1"
"ca282667-2597-46c5-af11-a01236d8ab12","b85abefb-46ef-4bc5-aeda-d92c34b41875","45fb96f2-d090-4695-816b-244624c62412","0b9458d6-13c6-4597-afd7-1b29addf722c","Challenge of archived space","challenge-created","84270da7-7521-4d4b-8f6c-e0188428507d",\N,"1"
"caa31c28-033b-4ebc-967b-db7b15d24903","b85abefb-46ef-4bc5-aeda-d92c34b41875","29cc2e07-a3b4-4ac8-a431-7e748d16c58a","1ad8d23f-fa7d-4b6c-b254-6f7a17bb92e1","[test2] - Please share your contribution. The more details the better!","post-created","153f2699-c091-4a98-9761-e2a7360590cc",\N,"1"
"cabd93a0-9bc0-46f0-8865-4f49e02dc249","b85abefb-46ef-4bc5-aeda-d92c34b41875","c7d037bf-69ce-4174-80e0-6fb7cbfe5df3","c8399ace-e192-490a-9340-37e0eeecda1f","[test 2] - ‚úçÔ∏è Please share your contribution. The more details the better!","post-created","523e9c80-730d-47d2-adba-ab1453eacd12",\N,"1"
"cb492a9a-7683-4e44-ad9f-5efdeec75e25","b85abefb-46ef-4bc5-aeda-d92c34b41875","29cc2e07-a3b4-4ac8-a431-7e748d16c58a","a7dfade4-4ee8-40dd-9a1d-cc831d1d88bc","[test4]","whiteboard-created","76c749ca-a60e-413f-8fcf-e229f5ffb5f7",\N,"1"
"cc9e74f0-f96b-4f43-a392-ecb08ca03d5f","b85abefb-46ef-4bc5-aeda-d92c34b41875","8b499630-3334-41b1-aabf-382abdfe840a","d19e2ebe-bf54-40f9-ae42-6f3e603e0e87","[2nd state - call for posts - right] - 2nd state - call for posts - right\
","callout-published","8b499630-3334-41b1-aabf-382abdfe840a",\N,"1"
"ccf369e9-129c-4156-9653-529425eaec44","b85abefb-46ef-4bc5-aeda-d92c34b41875","29cc2e07-a3b4-4ac8-a431-7e748d16c58a","42a6b8f8-ed84-4d69-a641-ecc0f3112b59","test5","discussion-comment","29cc2e07-a3b4-4ac8-a431-7e748d16c58a","$UngAY32m5aPxbhU0KO333fKXOJc22aSXlpkt7ns7gGY","1"
"ce5e8dee-d2e1-4681-8dc1-7af3843b51b6","b85abefb-46ef-4bc5-aeda-d92c34b41875","29cc2e07-a3b4-4ac8-a431-7e748d16c58a","f57e97ee-a5b4-4112-92d3-b0ca28374f1a","test","discussion-comment","29cc2e07-a3b4-4ac8-a431-7e748d16c58a","$IT86SgobvP8JItIprGRZTog9SUnVqcDPyHoyMAgDtjk","1"
"d121d21d-9464-46df-b475-48de14668174","b85abefb-46ef-4bc5-aeda-d92c34b41875","6746422d-3ca1-49b5-8f7f-cbfc7fea855b","9cfecf72-0a5c-4158-8bb2-bcec8bbeb955","***Informational Text Organization***\
\
The first element of text formatting is organization. Informational text organization ...","update-sent","97e7efa8-4c86-4b1b-a3c8-f21d639931e6","$rZE0i50szljpa_nmhB0VIDs5KapZga34bOKSqdc0Dac","1"
"d30b2769-03ec-4c65-89dd-2469af714c75","b85abefb-46ef-4bc5-aeda-d92c34b41875","b493d1de-bbf0-4cf7-97bc-f28d44c736f8","2dfc3e48-ea77-43d9-996f-a4cb61f1f5fa","[event 1] - ocation:\
\
URL:\
\
Description:","calendar-event-created","33aeffa5-a104-4828-b8f7-59aeeba90992",\N,"1"
"d3e98020-eb25-444f-acb2-6358e3c3a45b","b85abefb-46ef-4bc5-aeda-d92c34b41875","c7d037bf-69ce-4174-80e0-6fb7cbfe5df3","9ab46daf-62bf-4af3-bead-6578e158a206","[last state - whiteboards - right] - last state - whiteboards - right\
","callout-published","c7d037bf-69ce-4174-80e0-6fb7cbfe5df3",\N,"1"
"d43afc75-7314-47c5-96d2-d5e500059939","b85abefb-46ef-4bc5-aeda-d92c34b41875","c7d037bf-69ce-4174-80e0-6fb7cbfe5df3","53944f0c-d2cd-45ea-ad9c-a13fc3ae887d","[test1]","whiteboard-created","a67d1e57-d61a-412a-a17e-d1efba9f20fc",\N,"1"
"d6440fed-cbe2-4382-80a6-1fdf8e09c75e","b85abefb-46ef-4bc5-aeda-d92c34b41875","6746422d-3ca1-49b5-8f7f-cbfc7fea855b","0c04fdbd-785c-47cf-94c6-2832a6f107a4","[challenge] 'challenge-admin-9545'","member-joined","97e7efa8-4c86-4b1b-a3c8-f21d639931e6",\N,"1"
"d709c80a-01c4-424f-a04d-9a681ef5e224","b85abefb-46ef-4bc5-aeda-d92c34b41875","c7d037bf-69ce-4174-80e0-6fb7cbfe5df3","27ff70df-e878-4c6e-9c42-b9db36548bf9","[5th state - collection of links - left] - Temporary Link Id: 4bAb","callout-link-added","fe167616-0196-4816-8691-7bedd89b30a1",\N,"1"
"d9985441-50b4-475b-acf5-3cbf76e8163f","b85abefb-46ef-4bc5-aeda-d92c34b41875","1158cc85-61d7-4488-a816-6b04b7c60783","0f361711-3e1f-4e05-b67d-2891b9d0845d","## **Elements of Informational Text**\
\
The elements of informational text are evident in two areas: purpose and formatting. T...","update-sent","83490da0-9d67-4400-8192-46bbe6524fb7","$gQgreSTx_Zrgpt10nimKnMYnk992ag4iLGfKPLxAdZc","1"
"d9d2a707-094c-4677-abca-bdf68d2d80af","b85abefb-46ef-4bc5-aeda-d92c34b41875","29cc2e07-a3b4-4ac8-a431-7e748d16c58a","c4b1a283-8333-40b2-ab7b-e38a768730f8","[opportunity] 'opportunity-member-3924'","member-joined","9441fa9c-a2d7-4294-9bda-bcc678f43231",\N,"1"
"db71a74e-3040-4c6b-8297-dbacb6ca1b8b","b85abefb-46ef-4bc5-aeda-d92c34b41875","45fb96f2-d090-4695-816b-244624c62412","c394f9fb-ffd1-4188-8e66-15570ecba9e2","test","discussion-comment","45fb96f2-d090-4695-816b-244624c62412","$n-Ko_s0iTCKDcTvvUzbLHWBv3SLoDvK3qUi_WYakRmE","1"
"dbd67a40-51aa-4d22-bb35-c415a68cb201","b85abefb-46ef-4bc5-aeda-d92c34b41875","911ce31a-a6ac-42d6-938b-d6c5dae61e26","11ec9ab5-7147-4a8b-8fca-b018b44b536f","[test] - ‚úçÔ∏è Please share your contribution. The more details the better!","post-created","9cb5c11b-ef97-401d-b5a5-205b8c7d020c",\N,"1"
"dde22758-6d4f-4560-922c-99db7bfb62b3","b85abefb-46ef-4bc5-aeda-d92c34b41875","45fb96f2-d090-4695-816b-244624c62412","5e20c5a3-e88e-46f5-8dfc-88b67512c9b4","test","discussion-comment","45fb96f2-d090-4695-816b-244624c62412","$MuOOSASvbpXwxZyY5h04aGyN5QosNO0c8QEIa2fYwN0","1"
"de496aba-147e-4a83-9b89-bba3650881cd","b85abefb-46ef-4bc5-aeda-d92c34b41875","30aba759-cf60-4c86-8e05-02eb13b19c74","aebf524b-f038-4241-95ce-add906f603c1","[space] 'opportunity-admin-9459'","member-joined","76db810b-bac7-4f1f-ae78-6e0d5f691370",\N,"1"
"dee3c304-bc7e-41dd-b61d-f567d457b73d","b85abefb-46ef-4bc5-aeda-d92c34b41875","1158cc85-61d7-4488-a816-6b04b7c60783","b85abefb-46ef-4bc5-aeda-d92c34b41875","[opportunity] 'admin-alkemio'","member-joined","83490da0-9d67-4400-8192-46bbe6524fb7",\N,"1"
"e1e827f4-d3b6-4c1c-add8-91f960def58a","b85abefb-46ef-4bc5-aeda-d92c34b41875","c7d037bf-69ce-4174-80e0-6fb7cbfe5df3","a67d1e57-d61a-412a-a17e-d1efba9f20fc","[4th state - whiteboards - left] - ","callout-published","c7d037bf-69ce-4174-80e0-6fb7cbfe5df3",\N,"1"
"e1f11a2b-2639-4cec-ab2c-08e6f165359b","b85abefb-46ef-4bc5-aeda-d92c34b41875","45fb96f2-d090-4695-816b-244624c62412","0c04fdbd-785c-47cf-94c6-2832a6f107a4","[space] 'challenge-admin-9545'","member-joined","37ddc9c9-d3c5-40f9-b6dd-09bd384dbea4",\N,"1"
"e28df808-204d-4c7d-8c3c-0587c895753a","b85abefb-46ef-4bc5-aeda-d92c34b41875","45fb96f2-d090-4695-816b-244624c62412","63148359-8cd5-4cbf-ba51-84cff4e8b250","9.  **Descriptive text of a region: The Netherlands**\
\
Holland is a region that belongs to the Netherlands, a country in Euro...","update-sent","37ddc9c9-d3c5-40f9-b6dd-09bd384dbea4","$eWFY8uOlOHYxA1enaBeMw85SsVmsWVVzYDkAw6E-Y-Q","1"
"e2fee19a-7634-4e8b-b15a-6788d9ca3694","b85abefb-46ef-4bc5-aeda-d92c34b41875","b493d1de-bbf0-4cf7-97bc-f28d44c736f8","aebf524b-f038-4241-95ce-add906f603c1","[space] 'opportunity-admin-9459'","member-joined","dcdc6f49-dabf-4367-9d20-cef3cfd73c65",\N,"1"
"e3d776e6-9a60-45d5-bbb2-2d701c08edaf","b85abefb-46ef-4bc5-aeda-d92c34b41875","7da658ac-5068-42eb-a8f0-fdbdb6897cca","d5fb9811-6b61-4218-a1e4-beece10f325e","[last state - whiteboard - right] - last state - whiteboard - right\
","callout-published","7da658ac-5068-42eb-a8f0-fdbdb6897cca",\N,"1"
"e5b4b27c-e46d-4ded-ac3b-821dc1565495","b85abefb-46ef-4bc5-aeda-d92c34b41875","8b499630-3334-41b1-aabf-382abdfe840a","6b05f854-b1b1-4c54-ba2c-51f35189f037","## **Elements of Informational Text**\
\
The elements of informational text are evident in two areas: purpose and formatting. T...","update-sent","487c80cb-d3d3-4ff8-ba3f-20d1519ef783","$u3fIVxGgC3U2awJ07HZ354buUV3B_1qZmCbwilVvMIc","1"
"e6ee6f88-f471-4ea5-8555-188a0d8e6e7e","b85abefb-46ef-4bc5-aeda-d92c34b41875","b95c42d9-ceba-4784-a089-68fe2be6fb62","aebf524b-f038-4241-95ce-add906f603c1","[space] 'opportunity-admin-9459'","member-joined","aafc604c-47bf-4023-b476-70fad04d331f",\N,"1"
"e7b60b09-10d8-484f-8646-c071ce8c34c3","b85abefb-46ef-4bc5-aeda-d92c34b41875","30aba759-cf60-4c86-8e05-02eb13b19c74","79c31b1c-cca4-4f09-979e-70d4990f661e","[space] 'challenge-member-6097'","member-joined","76db810b-bac7-4f1f-ae78-6e0d5f691370",\N,"1"
"e88cc13d-ebb4-49bd-b659-75fef07a2822","b85abefb-46ef-4bc5-aeda-d92c34b41875","29cc2e07-a3b4-4ac8-a431-7e748d16c58a","c4f8e2ad-4886-4176-a2f7-7f10b876f0e2","[5th state - whiteboards - left (closed)] - 5th state - whiteboards - left\
","callout-published","29cc2e07-a3b4-4ac8-a431-7e748d16c58a",\N,"1"
"e8a1a6d7-22e0-4a7b-b6c0-41683cf192c5","b85abefb-46ef-4bc5-aeda-d92c34b41875","911ce31a-a6ac-42d6-938b-d6c5dae61e26","e3ab089d-cb10-4dad-ab27-1c83d87f88a1","[Recommended by the Leads] - Temporary Link Id: 9W_m","callout-link-added","cdffa482-e7b2-423c-bbc8-5e6627b5cd58",\N,"1"
"eb6454d5-ed1f-4c4f-88ae-d199be41a10b","b85abefb-46ef-4bc5-aeda-d92c34b41875","c7d037bf-69ce-4174-80e0-6fb7cbfe5df3","6a82bb4d-f520-4db0-9c3c-656eeab91f21","## **Informational Text Features**\
\
Informational text features have the purpose of making information easily accessible to r...","update-sent","5049158a-5b0f-476d-bd0a-ef44afd78307","$vkIxt4TGTB2LWJ4rSrk5mF7ZhkciMXqLfwkfALUndPw","1"
"eb6e41c9-c91b-493e-909d-344b4df8a2ef","b85abefb-46ef-4bc5-aeda-d92c34b41875","30aba759-cf60-4c86-8e05-02eb13b19c74","6f7083e9-d83d-48b4-bdf6-1d760ff998fb","[space] 'space-admin-677'","member-joined","76db810b-bac7-4f1f-ae78-6e0d5f691370",\N,"1"
"ed39df19-67b4-4e57-8150-72f5730243c8","b85abefb-46ef-4bc5-aeda-d92c34b41875","45fb96f2-d090-4695-816b-244624c62412","b62a9939-416f-4aee-9bb8-dc6f0b669cb6","[space] 'space-member-8192'","member-joined","37ddc9c9-d3c5-40f9-b6dd-09bd384dbea4",\N,"1"
"ed454c16-8f14-4e43-924a-0d732d4f059d","b85abefb-46ef-4bc5-aeda-d92c34b41875","30aba759-cf60-4c86-8e05-02eb13b19c74","72411208-1e62-45d5-8d9d-1b223bd9bdfc","[Call for posts - Community right] - Call for posts - Community right\
","callout-published","30aba759-cf60-4c86-8e05-02eb13b19c74",\N,"1"
"ee71be96-61cf-48f8-90c7-2c4544b1511b","b85abefb-46ef-4bc5-aeda-d92c34b41875","911ce31a-a6ac-42d6-938b-d6c5dae61e26","aebf524b-f038-4241-95ce-add906f603c1","[challenge] 'opportunity-admin-9459'","member-joined","4169c65e-e45f-4830-a533-c0f104d51c91",\N,"1"
"ef614322-ad07-4301-ac6f-341e0deef214","b85abefb-46ef-4bc5-aeda-d92c34b41875","1158cc85-61d7-4488-a816-6b04b7c60783","c4b1a283-8333-40b2-ab7b-e38a768730f8","[opportunity] 'opportunity-member-3924'","member-joined","83490da0-9d67-4400-8192-46bbe6524fb7",\N,"1"
"ef7eea65-995b-4b73-9604-eaa17f1b9c1f","b85abefb-46ef-4bc5-aeda-d92c34b41875","c7d037bf-69ce-4174-80e0-6fb7cbfe5df3","02147165-b9ba-437b-9d8e-a02b7620f90b","[Recommended by the Leads] - Temporary Link Id: o1Ox","callout-link-added","6449f5d9-6711-4ea1-8dbe-9e8423d30c57",\N,"1"
"f1d62b7e-8597-4cb9-93e6-0b27f223b800","b85abefb-46ef-4bc5-aeda-d92c34b41875","911ce31a-a6ac-42d6-938b-d6c5dae61e26","827cf4da-1d90-406e-92ab-87bbe44c4088","test","discussion-comment","911ce31a-a6ac-42d6-938b-d6c5dae61e26","$Gdo1ie3YL2hi2Ax_j6Xpe-n0XbZ1pnEon035W6QVyng","1"
"f2e996cf-d45e-4fe2-806b-7de32a939d4f","b85abefb-46ef-4bc5-aeda-d92c34b41875","b493d1de-bbf0-4cf7-97bc-f28d44c736f8","6f7083e9-d83d-48b4-bdf6-1d760ff998fb","[space] 'space-admin-677'","member-joined","dcdc6f49-dabf-4367-9d20-cef3cfd73c65",\N,"1"
"f37210ce-9230-4038-81fe-124d7c160e04","b85abefb-46ef-4bc5-aeda-d92c34b41875","30aba759-cf60-4c86-8e05-02eb13b19c74","250f1483-4683-45e5-93d7-3104bc69d0c5","[Closed call for posts - knolwedge - right] - Closed call for posts - knolwedge - right\
","callout-published","30aba759-cf60-4c86-8e05-02eb13b19c74",\N,"1"
"f40fc2be-86db-4b05-81c1-a4a0c60d74e1","b85abefb-46ef-4bc5-aeda-d92c34b41875","b95c42d9-ceba-4784-a089-68fe2be6fb62","b85abefb-46ef-4bc5-aeda-d92c34b41875","[space] 'admin-alkemio'","member-joined","aafc604c-47bf-4023-b476-70fad04d331f",\N,"1"
"f436a8be-b1bc-4358-823f-9b378f1b0f89","b85abefb-46ef-4bc5-aeda-d92c34b41875","7da658ac-5068-42eb-a8f0-fdbdb6897cca","d7ed4d10-0e13-4dec-98b3-18941556cada","[Recommended by the Leads] - Temporary Link Id: RriI","callout-link-added","f9473723-aa8d-43c3-80b3-335b1eb9742f",\N,"1"
"f54c1e48-58c1-4adf-bf2b-271c1509f86a","b85abefb-46ef-4bc5-aeda-d92c34b41875","30aba759-cf60-4c86-8e05-02eb13b19c74","383ac689-6ea7-40eb-ab14-bb92f0aa3355","[Aspect to default callout space] - ‚úçÔ∏è Please share your contribution. The more details the better!","post-created","a104aef5-209b-48fd-a0ae-3b02428ad4cb",\N,"1"
"f57bf07b-9737-4193-b231-f12e47d420c5","b85abefb-46ef-4bc5-aeda-d92c34b41875","c7d037bf-69ce-4174-80e0-6fb7cbfe5df3","859b56ff-806d-4a0a-a136-113b0be5efa5","[exploreren - post] - exploreren - post\
","callout-published","c7d037bf-69ce-4174-80e0-6fb7cbfe5df3",\N,"1"
"f628c640-fd99-44c7-b8c1-5c2696b64bb2","b85abefb-46ef-4bc5-aeda-d92c34b41875","29cc2e07-a3b4-4ac8-a431-7e748d16c58a","1c91427c-d55b-4e1c-9b44-f9a4130c6c34","[2nd state - collection of link - left] - 2nd state - collection of link - left\
","callout-published","29cc2e07-a3b4-4ac8-a431-7e748d16c58a",\N,"1"
"f82c3c35-d583-4a0a-a500-4c41b76c221d","b85abefb-46ef-4bc5-aeda-d92c34b41875","30aba759-cf60-4c86-8e05-02eb13b19c74","552cc357-d618-4c28-9470-6bd003666d35","### A community update:\
\
5.  **Descriptive text of a tree: the Ceiba tree**\
\
The Ceiba (or Ceibo) is a tree native to South A...","update-sent","76db810b-bac7-4f1f-ae78-6e0d5f691370","$Wg8Y_TjtN3myLnTs1u8x_gaZqpRE1RYqsmbOZUYUqyg","1"
"f8d9a6c2-ebf0-4c3f-b312-bff495935ec2","b85abefb-46ef-4bc5-aeda-d92c34b41875","b493d1de-bbf0-4cf7-97bc-f28d44c736f8","bc153740-850c-4e3e-8dee-8fae47e4f4a8","[test] - test\
","post-created","c40c04e5-bbfb-45a2-8d09-d22a3a022d1c",\N,"1"
"fa1b5c5e-cb0d-4847-94f7-33d88162b18e","b85abefb-46ef-4bc5-aeda-d92c34b41875","b95c42d9-ceba-4784-a089-68fe2be6fb62","79c31b1c-cca4-4f09-979e-70d4990f661e","[space] 'challenge-member-6097'","member-joined","aafc604c-47bf-4023-b476-70fad04d331f",\N,"1"
"fa6ba8c2-8ee1-409f-a5ed-2515473ec123","b85abefb-46ef-4bc5-aeda-d92c34b41875","c7d037bf-69ce-4174-80e0-6fb7cbfe5df3","b807bf51-96dc-428a-9d0e-77755385b1db","[second state - witheboard - right] - second state - witheboard - right\
","callout-published","c7d037bf-69ce-4174-80e0-6fb7cbfe5df3",\N,"1"
"faccaa8e-181a-4712-b5d7-22fc46149396","b85abefb-46ef-4bc5-aeda-d92c34b41875","45fb96f2-d090-4695-816b-244624c62412","6f7083e9-d83d-48b4-bdf6-1d760ff998fb","[space] 'space-admin-677'","member-joined","37ddc9c9-d3c5-40f9-b6dd-09bd384dbea4",\N,"1"
"fb13b27f-ef93-437a-94ee-9558e70e3604","b85abefb-46ef-4bc5-aeda-d92c34b41875","b493d1de-bbf0-4cf7-97bc-f28d44c736f8","b85abefb-46ef-4bc5-aeda-d92c34b41875","[space] 'admin-alkemio'","member-joined","dcdc6f49-dabf-4367-9d20-cef3cfd73c65",\N,"1"
"fb78fb89-79f5-4604-99e1-be4f95ed10cd","b85abefb-46ef-4bc5-aeda-d92c34b41875","6746422d-3ca1-49b5-8f7f-cbfc7fea855b","2aa4d604-e9f3-4e36-90a8-23da704b37bc","123","discussion-comment","6746422d-3ca1-49b5-8f7f-cbfc7fea855b","$E_0eZiEZNtwTSOiB2xiiTv1J4Q2Ts2iQUd9dR5RVUwI","1"
"fcd74910-abfb-49f7-93b3-e5c7da224326","b85abefb-46ef-4bc5-aeda-d92c34b41875","026d5343-ab42-4756-9ce1-e27e7dceb206","b85abefb-46ef-4bc5-aeda-d92c34b41875","[opportunity] 'admin-alkemio'","member-joined","f1530520-9244-43a8-90d6-24c8abf619e6",\N,"1"
"fedcdfa2-5e10-4f07-9c08-3597406ccc09","b85abefb-46ef-4bc5-aeda-d92c34b41875","7da658ac-5068-42eb-a8f0-fdbdb6897cca","aebf524b-f038-4241-95ce-add906f603c1","[challenge] 'opportunity-admin-9459'","member-joined","6ef1e84a-8726-40a0-9c92-5049aac6c113",\N,"1"
"ff23976e-ab9f-4782-b267-accd8d6b1637","b85abefb-46ef-4bc5-aeda-d92c34b41875","30aba759-cf60-4c86-8e05-02eb13b19c74","044c1143-1b4d-4d67-9c10-b99a0de3692c","[calendar event] - ocation:\
\
URL:\
\
Description:","calendar-event-created","cb03916c-c17b-4bfb-bdda-5f106c11c2a8",\N,"1"
"ff90ca19-2a35-47c2-b266-34ca4f7b9000","b85abefb-46ef-4bc5-aeda-d92c34b41875","c7d037bf-69ce-4174-80e0-6fb7cbfe5df3","79c31b1c-cca4-4f09-979e-70d4990f661e","[challenge] 'challenge-member-6097'","member-joined","5049158a-5b0f-476d-bd0a-ef44afd78307",\N,"1"
